"","date","collect_time","individual_ID","SVL_mm","mass_g","sex_M_F","gravid_Y_N","blood_sample_eye","hematocrit_percent","osmolality_mmol_kg","cloacal_temp_C","processing_time","hemolyzed","collect_date_time","hold_time","total_precip","avg_abs_humd","prior_rain_Y_N","temp_C_interpol","RH_percent_interpol","abs_humidity_g_m3_interpol","Wind_mph_interpol","Solar_rad_Wm2_interpol","dewlap_TEWL_g_m2h","dorsum_TEWL_g_m2h","head_TEWL_g_m2h","mitepatch_TEWL_g_m2h","ventrum_TEWL_g_m2h"
"1",2021-04-05,2021-06-22 10:40:00,1,59,8,"F","N","R",NA,331,22,2021-06-22 13:33:00,"N",2021-04-05 10:40:00,173,0,7.74726633789607,"N",15.4833333333333,65.7666666666667,8.68103086885724,3.9,764.7,13.17,14.86,26.68,11.35,12.81
"2",2021-04-05,2021-06-22 10:55:00,2,70,13.1,"M",NA,"R",NA,337,26,2021-06-22 13:31:00,"N",2021-04-05 10:55:00,156,0,7.74726633789607,"N",15.67,66.3666666666667,8.85995314940822,3.53333333333333,767.966666666667,9.6,26.29,26.83,17.82,32.64
"3",2021-04-05,2021-06-22 10:25:00,3,69,12.2,"M",NA,"R",NA,309,26,2021-06-22 13:39:00,"N",2021-04-05 10:25:00,194,0,7.74726633789607,"N",14.9066666666667,66.7333333333333,8.50501802598385,4.93333333333333,733.966666666667,21.75,26.35,28.91,37.05,20.94
"4",2021-04-05,2021-06-22 10:38:00,4,48,4.2,"M",NA,"R",NA,341,26,2021-06-22 14:02:00,"Y",2021-04-05 10:38:00,204,0,7.74726633789607,"N",15.4086666666667,65.7933333333333,8.64527739170874,4.18,761.26,13.33,21.52,56.04,34.17,12.82
"5",2021-04-05,2021-06-22 10:17:00,5,50,4.1,"M",NA,"R",NA,354,25,2021-06-22 13:59:00,"Y",2021-04-05 10:17:00,222,0,7.74726633789607,"N",14.5813333333333,68.0666666666667,8.50436744642355,4.34666666666667,712.313333333333,21.58,46.24,60.16,15.05,14.64
"6",2021-04-05,2021-06-22 10:47:00,6,48,4.6,"M",NA,"L",NA,355,24,2021-06-22 14:06:00,"N",2021-04-05 10:47:00,199,0,7.74726633789607,"N",15.67,65.8333333333333,8.78875312409906,3.26666666666667,772.233333333333,15.79,14.91,22.06,12.54,19.44
"7",2021-04-05,2021-06-22 10:39:00,7,63,9.4,"F","N","R",NA,321,NA,2021-06-22 14:13:00,"N",2021-04-05 10:39:00,214,0,7.74726633789607,"N",15.446,65.78,8.66313878319026,4.04,762.98,21.2,19.76,32.21,21.15,39.52
"8",2021-04-05,2021-06-22 10:42:00,8,42,2.3,"M",NA,"R",NA,304,23,2021-06-22 14:20:00,"N",2021-04-05 10:42:00,218,0,7.74726633789607,"N",15.558,65.74,8.71690728354765,3.62,768.14,8.66,16.12,35.43,NA,18.07
"9",2021-04-05,2021-06-22 13:27:00,9,46,3.1,"F","N","L",NA,NA,23,2021-06-22 14:43:00,NA,2021-04-05 13:27:00,76,0,7.74726633789607,"N",16.924,66.4,9.56061245024071,5.04,949.2,8.14,13.75,42.42,19.07,11.94
"10",2021-04-05,2021-06-22 13:40:00,10,68,12.5,"M",NA,"R",NA,324,22,2021-06-22 15:04:00,"N",2021-04-05 13:40:00,84,0,7.74726633789607,"N",16.8166666666667,66.6,9.52783202837343,5.3,927.833333333333,12.04,20.28,31.46,26.57,20.21
"11",2021-04-05,2021-06-22 13:39:00,11,65,10,"M",NA,"R",NA,310,23,2021-06-22 15:14:00,"N",2021-04-05 13:39:00,95,0,7.74726633789607,"N",16.824,66.58,9.52916576099111,5.28,929.34,12.67,16.87,21.61,14.2,18.5
"12",2021-04-05,2021-06-22 13:35:00,12,65,12.2,"M",NA,"R",NA,341,22,2021-06-22 15:25:00,"Y",2021-04-05 13:35:00,110,0,7.74726633789607,"N",16.8533333333333,66.5,9.534491510275,5.2,935.366666666667,12.4,21.03,31.03,18.41,13.37
"13",2021-04-05,2021-06-22 13:26:00,13,70,13.8,"M",NA,"R",NA,336,22,2021-06-22 15:38:00,"N",2021-04-05 13:26:00,132,0,7.74726633789607,"N",16.9353333333333,66.4,9.56711494725257,5.02,951.3,14.56,11.25,15,43.44,13.26
"14",2021-04-05,2021-06-22 14:04:00,14,65,10.6,"M",NA,"R",NA,341,22,2021-06-22 15:46:00,"N",2021-04-05 14:04:00,102,0,7.74726633789607,"N",16.5806666666667,66.5466666666667,9.38612144858671,6.16666666666667,913.28,13.19,16.56,17.24,13.63,30.84
"15",2021-04-05,2021-06-22 13:58:00,15,67,14.1,"M",NA,"R",NA,300,22,2021-06-22 15:54:00,"N",2021-04-05 13:58:00,116,0,7.74726633789607,"N",16.6326666666667,66.6133333333333,9.42495548667472,6.18,900.28,20.25,18.87,19.3,40.2,35.6
"16",2021-04-05,2021-06-22 13:28:00,16,63,8.1,"M",NA,"R",NA,316,21,2021-06-22 16:08:00,"N",2021-04-05 13:28:00,160,0,7.74726633789607,"N",16.9126666666667,66.4,9.55411378947668,5.06,947.1,10.02,19.31,14.72,35.15,18.11
"17",2021-04-05,2021-06-22 13:41:00,17,64,12.5,"M",NA,"R",NA,296,21,2021-06-22 16:16:00,"N",2021-04-05 13:41:00,155,0,7.74726633789607,"N",16.8093333333333,66.62,9.52649737950321,5.32,926.326666666667,13.17,13.17,19.92,54.3,22.67
"18",2021-04-05,2021-06-22 13:50:00,18,72,12.3,"M",NA,"R",NA,303,21,2021-06-22 16:27:00,"N",2021-04-05 13:50:00,157,0,7.74726633789607,"N",16.7233333333333,66.6666666666667,9.48404975134028,5.7,912.6,13.91,14.8,15.86,53.44,18.42
"19",2021-04-05,NA,19,66,11.5,"M",NA,"R",NA,NA,22,2021-06-22 16:37:00,"N",NA,NA,0,7.74726633789607,"N",NA,NA,NA,NA,NA,14,16.51,18.76,23.02,18.48
"20",2021-04-05,2021-06-22 15:03:00,20,65,9.3,"M",NA,"R",NA,327,20,NA,"N",2021-04-05 15:03:00,NA,0,7.74726633789607,"N",16.79,66.16,9.44974070212027,5.16,853.94,11.66,14.01,27.05,17.8,27.7
"21",2021-04-05,NA,21,66,13.9,"M",NA,"R",NA,307,21,NA,"N",NA,NA,0,7.74726633789607,"N",NA,NA,NA,NA,NA,12.97,15.18,14.6,13.6,29.29
"22",2021-04-05,2021-06-22 14:40:00,22,58,6.4,"M",NA,"L",NA,336,NA,NA,"N",2021-04-05 14:40:00,NA,0,7.74726633789607,"N",16.4066666666667,66.3333333333333,9.25854194238314,6.7,915.566666666667,NA,NA,NA,NA,NA
"23",2021-04-05,2021-06-22 14:20:00,24,60,6.5,"M",NA,"R",NA,325,21,2021-06-22 17:38:00,"N",2021-04-05 14:20:00,198,0,7.74726633789607,"N",16.48,66.4666666666667,9.31821402129023,5.9,953.433333333333,8.14,13.95,17.73,12.05,19.41
"24",2021-04-05,2021-06-22 14:36:00,25,62,10.8,"M",NA,"R",NA,NA,NA,NA,NA,2021-04-05 14:36:00,NA,0,7.74726633789607,"N",16.42,66.44,9.28088116072969,6.46,927.46,NA,NA,NA,NA,NA
"25",2021-04-05,2021-06-22 13:25:00,26,64,7.7,"F","N","R",NA,340,21,2021-06-22 16:45:00,"N",2021-04-05 13:25:00,200,0,7.74726633789607,"N",16.9466666666667,66.4,9.57362128240422,5,953.4,8.36,11.59,15.22,30.93,32.58
"26",2021-04-05,2021-06-22 14:03:00,27,69,14.1,"M",NA,"R",NA,293,21,2021-06-22 17:00:00,"N",2021-04-05 14:03:00,177,0,7.74726633789607,"N",16.588,66.56,9.39214442460074,6.2,909.26,13.81,14.5,16.28,14.12,28.63
"27",2021-04-05,2021-06-22 13:28:00,28,66,12.8,"M",NA,"L",NA,328,NA,NA,"N",2021-04-05 13:28:00,NA,0,7.74726633789607,"N",16.9126666666667,66.4,9.55411378947668,5.06,947.1,NA,NA,NA,NA,NA
"28",2021-04-05,2021-06-22 13:55:00,29,63,10.3,"M",NA,"R",35,323,20,2021-06-22 17:29:00,"N",2021-04-05 13:55:00,214,0,7.74726633789607,"N",16.6666666666667,66.6333333333333,9.44707761009499,6,904.9,14.13,13.65,18.2,11.1,16.74
"29",2021-04-05,NA,30,66,12,"M",NA,"R",39,313,21,2021-06-22 17:20:00,"N",NA,NA,0,7.74726633789607,"N",NA,NA,NA,NA,NA,10.67,16.24,18.86,13.95,15.34
"30",2021-04-19,2021-06-22 11:58:00,31,70,12.7,"M",NA,"R",44,336,26,2021-06-22 12:44:00,"N",2021-04-19 11:58:00,46,0,8.8586999882282,"N",17.9253333333333,72.52,11.0856762236345,4.02,992.473333333333,16.11,35.71,36.05,55.65,40.74
"31",2021-04-19,2021-06-22 11:42:00,32,65,14.6,"M",NA,"R",37,356,25,2021-06-22 12:53:00,"Y",2021-04-19 11:42:00,71,0,8.8586999882282,"N",17.786,72.38,10.9728459151379,4.6,971.66,33.31,52.97,45.79,38.55,67.64
"32",2021-04-19,2021-06-22 11:33:00,33,63,8.9,"M",NA,"R",29,373,25,2021-06-22 13:17:00,"Y",2021-04-19 11:33:00,104,0,8.8586999882282,"N",17.654,73.52,11.0583037685708,4,956.54,22.64,33.85,84.26,24.67,49.98
"33",2021-04-19,2021-06-22 11:29:00,34,59,8.1,"F","Y","R",24,381,24,2021-06-22 13:08:00,"Y",2021-04-19 11:29:00,99,0,8.8586999882282,"N",17.558,74.14,11.0878609366938,3.77333333333333,949.58,14.82,37.87,70.75,38.99,51.47
"34",2021-04-19,2021-06-22 12:32:00,35,68,11.1,"M",NA,"R",38,337,24,2021-06-22 13:29:00,"N",2021-04-19 12:32:00,57,0,8.8586999882282,"N",17.2866666666667,72.92,10.7300083136973,4.35333333333333,1024.7,20,24.87,27.06,48.47,43.61
"35",2021-04-19,2021-06-22 12:49:00,36,64,9.8,"F","Y","R",41,345,24,2021-06-22 13:38:00,"N",2021-04-19 12:49:00,49,0,8.8586999882282,"N",17.4046666666667,71.9733333333333,10.6656977525332,4.67333333333333,1033.43333333333,23.82,29.76,24.66,16.9,56.55
"36",2021-04-19,2021-06-22 12:40:00,37,68,12.6,"M",NA,"R",32,334,24,2021-06-22 13:44:00,"N",2021-04-19 12:40:00,64,0,8.8586999882282,"N",17.3133333333333,72.6,10.6999748488407,4.56666666666667,1029.5,25.21,33.05,30.71,60.55,53.51
"37",2021-04-19,2021-06-22 12:49:00,38,66,10.2,"F","N","R",29,319,25,2021-06-22 13:56:00,"N",2021-04-19 12:49:00,67,0,8.8586999882282,"N",17.4046666666667,71.9733333333333,10.6656977525332,4.67333333333333,1033.43333333333,21,33.27,65.73,26.7,23.34
"38",2021-04-19,2021-06-22 12:54:00,39,60,8.2,"M",NA,"R",34,330,26,2021-06-22 14:04:00,"Y",2021-04-19 12:54:00,70,0,8.8586999882282,"N",17.498,71.44,10.6458607892082,4.64,1034.6,12.56,34.26,62.94,20.6,32.21
"39",2021-04-19,2021-06-22 12:57:00,40,68,12.9,"M",NA,"R",25,368,25,2021-06-22 14:14:00,"N",2021-04-19 12:57:00,77,0,8.8586999882282,"N",17.554,71.12,10.6336714120386,4.62,1035.3,18.13,22.86,27.16,27.5,59.15
"40",2021-04-19,2021-06-22 13:08:00,41,65,8,"M",NA,"R",33,367,25,2021-06-22 14:31:00,"Y",2021-04-19 13:08:00,83,0,8.8586999882282,"N",17.4606666666667,71.3866666666667,10.6142174907359,5.08,1034.88,25.78,47.22,57.31,42.28,51.66
"41",2021-04-19,2021-06-22 13:14:00,42,69,11.8,"M",NA,"R",35,329,25,2021-06-22 14:23:00,"N",2021-04-19 13:14:00,69,0,8.8586999882282,"N",17.3486666666667,71.8266666666667,10.6083905652121,5.44,1034.04,18.14,41.74,55.74,44.87,52.38
"42",2021-04-19,2021-06-22 12:44:00,43,68,13.8,"M",NA,"R",16,333,23,2021-06-22 14:43:00,"N",2021-04-19 12:44:00,119,0,8.8586999882282,"N",17.3266666666667,72.44,10.6849105757129,4.67333333333333,1031.9,21.04,25.13,34.9,20.38,42.79
"43",2021-04-19,2021-06-22 12:48:00,44,64,12.1,"F","Y","R",37,349,23,2021-06-22 14:53:00,"N",2021-04-19 12:48:00,125,0,8.8586999882282,"N",17.386,72.08,10.6695937238396,4.68,1033.2,10.04,20.44,34.16,16.42,24.03
"44",2021-04-19,2021-06-22 13:10:00,45,63,9.8,"F","N","R",35,322,23,2021-06-22 15:08:00,"N",2021-04-19 13:10:00,118,0,8.8586999882282,"N",17.4233333333333,71.5333333333333,10.6123263694345,5.2,1034.6,12.76,17.09,30.05,14.98,17.23
"45",2021-04-19,2021-06-22 12:42:00,46,62,8,"F","N","R",36,367,20,2021-06-22 15:52:00,"Y",2021-04-19 12:42:00,190,0,8.8586999882282,"N",17.32,72.52,10.6924466777124,4.62,1030.7,7.31,12.8,18.84,13.69,14.37
"46",2021-04-19,2021-06-22 12:54:00,47,59,8.2,"M",NA,"R",29,352,21,2021-06-22 16:00:00,"N",2021-04-19 12:54:00,186,0,8.8586999882282,"N",17.498,71.44,10.6458607892082,4.64,1034.6,7.48,17.2,17.59,32.18,15.93
"47",2021-04-19,2021-06-22 13:11:00,48,70,12.3,"F","Y","R",24,353,21,2021-06-22 16:20:00,"N",2021-04-19 13:11:00,189,0,8.8586999882282,"N",17.4046666666667,71.6066666666667,10.6113615746535,5.26,1034.46,19.94,21.67,33.41,46.56,45.14
"48",2021-04-19,2021-06-22 12:42:00,49,72,13.5,"M",NA,"R",29,335,24,2021-06-22 16:30:00,"N",2021-04-19 12:42:00,228,0,8.8586999882282,"N",17.32,72.52,10.6924466777124,4.62,1030.7,NA,NA,NA,NA,NA
"49",2021-04-19,2021-06-22 12:50:00,50,64,11,"F","Y","R",35,366,23,2021-06-22 16:40:00,"Y",2021-04-19 12:50:00,230,0,8.8586999882282,"N",17.4233333333333,71.8666666666667,10.6617780300563,4.66666666666667,1033.66666666667,21.97,19.23,44.01,32.18,40.05
"50",2021-04-19,2021-06-22 12:55:00,51,68,11.8,"F","N","R",35,350,23,2021-06-22 17:00:00,"Y",2021-04-19 12:55:00,245,0,8.8586999882282,"N",17.5166666666667,71.3333333333333,10.6418216810194,4.63333333333333,1034.83333333333,25.24,22.75,23.34,20.32,35.25
"51",2021-04-19,2021-06-22 13:11:00,52,63,12.6,"M",NA,"R",36,319,21,2021-06-22 16:09:00,"N",2021-04-19 13:11:00,178,0,8.8586999882282,"N",17.4046666666667,71.6066666666667,10.6113615746535,5.26,1034.46,15.41,16.5,27.53,13.59,28.55
"52",2021-04-19,2021-06-22 13:04:00,53,65,12.9,"M",NA,"R",34,346,NA,NA,"N",2021-04-19 13:04:00,NA,0,8.8586999882282,"N",17.5353333333333,71.0933333333333,10.6178451313893,4.84,1035.44,20.6,19.65,30.53,32.47,22.84
"53",2021-04-26,2021-06-22 12:32:00,54,70,11.5,"M",NA,"R",37,388,26,2021-06-22 13:07:00,"N",2021-04-26 12:32:00,35,0,8.60992634410544,"N",19.6799447513812,58.8770718232044,9.98377121304076,4.5,742.078453038674,17.97,28.62,24.8,18.21,40.04
"54",2021-04-26,2021-06-22 12:32:00,55,46,3.2,"F","N","R",37,373,27,2021-06-22 13:16:00,"N",2021-04-26 12:32:00,44,0,8.60992634410544,"N",19.6799447513812,58.8770718232044,9.98377121304076,4.5,742.078453038674,NA,25.72,19.77,NA,32.95
"55",2021-04-26,2021-06-22 12:38:00,57,65,10.3,"F","N","R",30,388,26,2021-06-22 13:27:00,"N",2021-04-26 12:38:00,49,0,8.60992634410544,"N",19.7720994475138,58.421270718232,9.96020022066467,4.5,742.018784530387,20.09,24.75,20.49,65.61,43.6
"56",2021-04-26,2021-06-22 12:40:00,58,72,14.7,"M",NA,"R",33,417,25,2021-06-22 13:38:00,"N",2021-04-26 12:40:00,58,0,8.60992634410544,"N",19.802817679558,58.2693370165746,9.9522127966406,4.5,741.998895027624,15.89,18.38,23.97,28.84,37.95
"57",2021-04-26,2021-06-22 12:41:00,59,71,11.9,"F","Y","both",35,428,23,2021-06-22 14:01:00,"N",2021-04-26 12:41:00,80,0,8.60992634410544,"N",19.8181767955801,58.1933701657459,9.94819452719988,4.5,741.988950276243,9.39,10.46,11.13,29.65,10.76
"58",2021-04-26,2021-06-22 12:35:00,60,68,7.3,"F","Y","R",32,408,26,2021-06-22 14:12:00,"N",2021-04-26 12:35:00,97,0,8.60992634410544,"N",19.7260220994475,58.6491712707182,9.9720589112902,4.5,742.04861878453,14.35,28.13,38.42,45.69,29.1
"59",2021-04-26,2021-06-22 12:45:00,61,67,11.1,"M",NA,"R",42,384,27,2021-06-22 14:19:00,"N",2021-04-26 12:45:00,94,0,8.60992634410544,"N",19.8796132596685,57.8895027624309,9.93195720041161,4.5,741.949171270718,44.25,21.8,27.09,NA,50.15
"60",2021-04-26,2021-06-22 12:47:00,62,51,5.2,"M",NA,"R",40,400,26,2021-06-22 14:28:00,"N",2021-04-26 12:47:00,101,0,8.60992634410544,"N",19.9103314917127,57.7375690607735,9.92373966722585,4.5,741.929281767956,19.17,27.05,21.25,19.76,29.97
"61",2021-04-26,2021-06-22 12:50:00,63,68,11.4,"F","N","R",34,405,25,2021-06-22 14:40:00,"N",2021-04-26 12:50:00,110,0,8.60992634410544,"N",19.956408839779,57.5096685082873,9.91128926410814,4.5,741.899447513812,25.38,17.38,33.2,96.16,47.13
"62",2021-04-26,2021-06-22 12:57:00,64,65,10.3,"M",NA,"R",30,378,22,2021-06-22 15:20:00,"Y",2021-04-26 12:57:00,143,0,8.60992634410544,"N",20.0639226519337,56.9779005524862,9.88165595123608,4.5,741.829834254144,11.67,11.42,9.47,35.28,26.04
"63",2021-04-26,2021-06-22 12:40:00,65,48,4,"M",NA,"R",40,394,25,2021-06-22 15:26:00,NA,2021-04-26 12:40:00,166,0,8.60992634410544,"N",19.802817679558,58.2693370165746,9.9522127966406,4.5,741.998895027624,17.08,NA,50.5,NA,42.96
"64",2021-04-26,2021-06-22 12:50:00,66,73,13.7,"M",NA,"R",38,371,24,2021-06-22 15:35:00,"Y",2021-04-26 12:50:00,165,0,8.60992634410544,"N",19.956408839779,57.5096685082873,9.91128926410814,4.5,741.899447513812,26.23,32.26,20.94,24.86,54.11
"65",2021-04-26,2021-06-22 13:02:00,67,64,10.5,"M",NA,"R",32,402,24,2021-06-22 15:41:00,"N",2021-04-26 13:02:00,159,0,8.60992634410544,"N",20.1407182320442,56.5980662983425,9.85998665560079,4.5,741.780110497238,NA,23.34,24.65,83.49,53.03
"66",2021-04-26,2021-06-22 13:07:00,68,72,14.1,"F","Y","R",33,413,22,2021-06-22 15:49:00,"N",2021-04-26 13:07:00,162,0,8.60992634410544,"N",20.2175138121547,56.2182320441989,9.8378952002415,4.5,741.730386740331,46.64,17.39,70.72,23.13,50.11
"67",2021-04-26,2021-06-22 13:23:00,69,70,12.8,"M",NA,"R",49,418,24,2021-06-22 15:57:00,"N",2021-04-26 13:23:00,154,0,8.60992634410544,"N",20.4632596685083,55.0027624309392,9.7643315541105,4.5,741.571270718232,35.03,21.66,18.21,23.91,32.51
"68",2021-04-26,2021-06-22 13:17:00,70,69,11.8,"M",NA,"R",43,422,23,2021-06-22 16:04:00,"N",2021-04-26 13:17:00,167,0,8.60992634410544,"N",20.3711049723757,55.4585635359116,9.79243412493516,4.5,741.630939226519,25.57,16.92,55.25,34.01,55.07
"69",2021-04-26,2021-06-22 12:55:00,71,68,12.5,"F","Y","R",37,412,22,2021-06-22 16:11:00,"N",2021-04-26 12:55:00,196,0,8.60992634410544,"N",20.0332044198895,57.1298342541436,9.89020611579928,4.5,741.849723756906,28.3,12.67,19.86,10.85,34.43
"70",2021-04-26,2021-06-22 13:02:00,72,70,14.2,"M",NA,"R",33,366,23,2021-06-22 16:20:00,"Y",2021-04-26 13:02:00,198,0,8.60992634410544,"N",20.1407182320442,56.5980662983425,9.85998665560079,4.5,741.780110497238,18,21.7,18.55,47.15,18.75
"71",2021-04-26,2021-06-22 12:45:00,73,66,9.7,"M",NA,"R",37,405,22,2021-06-22 16:28:00,"N",2021-04-26 12:45:00,223,0,8.60992634410544,"N",19.8796132596685,57.8895027624309,9.93195720041161,4.5,741.949171270718,NA,15.37,18.31,10.51,23.66
"72",2021-04-26,2021-06-22 13:11:00,74,65,12.3,"M",NA,"R",37,393,21,2021-06-22 16:37:00,"N",2021-04-26 13:11:00,206,0,8.60992634410544,"N",20.2789502762431,55.914364640884,9.81991612055082,4.5,741.690607734807,12.75,15.27,14.54,25.13,13.36
"73",2021-04-26,2021-06-22 13:02:00,75,68,12.8,"M",NA,"R",52,423,21,2021-06-22 16:47:00,"N",2021-04-26 13:02:00,225,0,8.60992634410544,"N",20.1407182320442,56.5980662983425,9.85998665560079,4.5,741.780110497238,9.3,14.89,12.71,14.48,22.1
"74",2021-04-26,2021-06-22 13:07:00,76,67,11.4,"M",NA,"R",36,398,21,2021-06-22 16:57:00,"N",2021-04-26 13:07:00,230,0,8.60992634410544,"N",20.2175138121547,56.2182320441989,9.8378952002415,4.5,741.730386740331,12.37,14.04,12.97,NA,11.82
"75",2021-04-26,2021-06-22 13:07:00,76,67,11.4,"M",NA,"R",36,398,21,2021-06-22 16:57:00,"N",2021-04-26 13:07:00,230,0,8.60992634410544,"N",20.2175138121547,56.2182320441989,9.8378952002415,4.5,741.730386740331,16.35,14.04,12.97,NA,11.82
"76",2021-04-26,2021-06-22 15:44:00,77,71,13.5,"M",NA,"R",38,384,22,2021-06-22 17:05:00,"N",2021-04-26 15:44:00,81,0,8.60992634410544,"N",22.6288950276243,44.2914364640884,8.91235586775098,4.5,740.169060773481,11.86,9.76,11.98,13.74,21.18
"77",2021-04-26,2021-06-22 15:25:00,78,64,10.3,"F","N","R",28,401,21,2021-06-22 17:14:00,"N",2021-04-26 15:25:00,109,0,8.60992634410544,"N",22.3370718232044,45.7348066298343,9.049831015082,4.5,740.358011049724,10.3,9.52,22.02,15.69,15.69
"78",2021-04-26,2021-06-22 15:34:00,79,65,11.3,"M",NA,"R",37,383,21,2021-06-22 17:24:00,"Y",2021-04-26 15:34:00,110,0,8.60992634410544,"N",22.4753038674033,45.0511049723757,8.98564248532678,4.5,740.268508287293,21.78,9.53,11.43,82.34,30.77
"79",2021-04-26,2021-06-22 15:57:00,80,68,13.7,"M",NA,"R",34,409,NA,NA,"N",2021-04-26 15:57:00,NA,0,8.60992634410544,"N",22.8285635359116,43.3038674033149,8.81394644883476,4.5,740.039779005525,NA,NA,NA,NA,NA
"80",2021-05-03,2021-06-22 12:32:00,81,69,12.1,"M",NA,"R",43,411,28,2021-06-22 12:53:00,"Y",2021-05-03 12:32:00,21,0.008,9.14678911455867,"Y",23.17,51.7466666666667,10.7401101460135,4.84666666666667,1031.24666666667,15.7,21.4,20.87,14.5,46.18
"81",2021-05-03,2021-06-22 12:07:00,82,58,6.3,"M",NA,"R",39,400,27,2021-06-22 13:03:00,"N",2021-05-03 12:07:00,56,0.008,9.14678911455867,"Y",23.6053333333333,50.34,10.7108144768382,4.79333333333333,1007.00666666667,18.97,21.29,15.59,17.68,44.98
"82",2021-05-03,2021-06-22 12:37:00,83,56,5.8,"F","N","R",38,387,27,2021-06-22 13:12:00,"N",2021-05-03 12:37:00,35,0.008,9.14678911455867,"Y",23.32,51.6133333333333,10.8045770499308,4.71333333333333,1033.61333333333,12.41,24.21,27.23,21.76,21.29
"83",2021-05-03,2021-06-22 12:42:00,84,53,5.5,"F","Y","R",35,402,28,2021-06-22 13:23:00,"Y",2021-05-03 12:42:00,41,0.008,9.14678911455867,"Y",23.47,51.48,10.8692503695447,4.58,1035.98,13.33,9.17,35.79,3.41,12.26
"84",2021-05-03,2021-06-22 12:36:00,85,49,4.6,"M",NA,"R",34,380,24,2021-06-22 14:13:00,"Y",2021-05-03 12:36:00,97,0.008,9.14678911455867,"Y",23.29,51.64,10.7916671206947,4.74,1033.14,54.54,4,32.96,24.05,7.11
"85",2021-05-03,2021-06-22 12:46:00,86,58,6.1,"M",NA,"R",37,389,26,2021-06-22 14:26:00,"Y",2021-05-03 12:46:00,100,0.008,9.14678911455867,"Y",23.56,51.4,10.9081529788663,4.56666666666667,1037.40666666667,17.16,18,26.8,19.36,NA
"86",2021-05-03,2021-06-22 12:51:00,87,70,14.3,"M",NA,"R",35,394,24,2021-06-22 14:32:00,"N",2021-05-03 12:51:00,101,0.008,9.14678911455867,"Y",23.56,51.4,10.9081529788663,4.9,1037.44,40.62,19.32,18.55,46.09,43.87
"87",2021-05-03,2021-06-22 12:41:00,88,71,13.6,"M",NA,"R",49,391,25,2021-06-22 14:39:00,"Y",2021-05-03 12:41:00,118,0.008,9.14678911455867,"Y",23.44,51.5066666666667,10.8562992454445,4.60666666666667,1035.50666666667,31.06,20.53,34.75,37.76,54.07
"88",2021-05-03,2021-06-22 12:40:00,89,67,12.9,"M",NA,"R",38,395,26,2021-06-22 14:49:00,"Y",2021-05-03 12:40:00,129,0.008,9.14678911455867,"Y",23.41,51.5333333333333,10.8433563425111,4.63333333333333,1035.03333333333,35.77,30.13,44.3,24.89,44.99
"89",2021-05-03,2021-06-22 13:01:00,90,63,8.8,"F","N","R",37,399,26,2021-06-22 15:03:00,"N",2021-05-03 13:01:00,122,0.008,9.14678911455867,"Y",23.552,51.4066666666667,10.9045977051376,5.56,1037.29333333333,18.27,23.25,20.32,21.72,37.03
"90",2021-05-03,2021-06-22 12:57:00,91,65,10.9,"M",NA,"R",34,377,26,2021-06-22 15:11:00,"N",2021-05-03 12:57:00,134,0.008,9.14678911455867,"Y",23.56,51.4,10.9081529788663,5.3,1037.48,31.84,25.73,27.2,32.68,40.86
"91",2021-05-03,2021-06-22 13:03:00,92,65,10.7,"M",NA,"R",39,391,25,2021-06-22 15:23:00,"Y",2021-05-03 13:03:00,140,0.008,9.14678911455867,"Y",23.536,51.42,10.8974891621751,5.68,1036.88,22.69,24.84,33.58,25.8,38.6
"92",2021-05-03,2021-06-22 12:40:00,93,71,12,"M",NA,"R",34,417,24,2021-06-22 15:27:00,"N",2021-05-03 12:40:00,167,0.008,9.14678911455867,"Y",23.41,51.5333333333333,10.8433563425111,4.63333333333333,1035.03333333333,36.42,21.52,27.47,46.67,39.88
"93",2021-05-03,2021-06-22 12:46:00,94,69,12.6,"F","N","R",34,386,24,2021-06-22 15:34:00,"N",2021-05-03 12:46:00,168,0.008,9.14678911455867,"Y",23.56,51.4,10.9081529788663,4.56666666666667,1037.40666666667,NA,20.19,NA,17.1,20.34
"94",2021-05-03,2021-06-22 12:55:00,95,73,12.8,"M",NA,"R",23,370,25,2021-06-22 15:40:00,"N",2021-05-03 12:55:00,165,0.008,9.14678911455867,"Y",23.56,51.4,10.9081529788663,5.16666666666667,1037.46666666667,44,20.16,26.54,62.75,45.52
"95",2021-05-03,2021-06-22 12:55:00,96,71,13.4,"M",NA,"R",34,373,25,2021-06-22 15:45:00,"Y",2021-05-03 12:55:00,170,0.008,9.14678911455867,"Y",23.56,51.4,10.9081529788663,5.16666666666667,1037.46666666667,35.15,26.27,32.05,38.8,37.15
"96",2021-05-03,2021-06-22 12:57:00,97,67,13,"M",NA,"R",40,386,24,2021-06-22 15:52:00,"N",2021-05-03 12:57:00,175,0.008,9.14678911455867,"Y",23.56,51.4,10.9081529788663,5.3,1037.48,42.1,22.38,42.81,41.92,41.2
"97",2021-05-03,2021-06-22 12:55:00,98,69,13.6,"M",NA,"R",43,392,24,2021-06-22 15:59:00,"N",2021-05-03 12:55:00,184,0.008,9.14678911455867,"Y",23.56,51.4,10.9081529788663,5.16666666666667,1037.46666666667,32.61,20.19,28.15,40.84,32.61
"98",2021-05-03,2021-06-22 13:06:00,99,70,13,"M",NA,"R",36,373,24,2021-06-22 16:05:00,"Y",2021-05-03 13:06:00,179,0.008,9.14678911455867,"Y",23.512,51.44,10.8868313607922,5.86,1036.26,45.19,22,36.67,46.74,33.69
"99",2021-05-10,2021-06-22 12:33:00,100,63,9.4,"F","Y","R",36,384,26,2021-06-22 13:15:00,"N",2021-05-10 12:33:00,42,0,9.38985229084888,"N",19.488,68.1,11.4182139488584,4.7,1032.92,55.3,36.42,39.38,20.34,50.64
"100",2021-05-10,2021-06-22 12:36:00,101,66,11,"M",NA,"R",46,373,24,2021-06-22 13:45:00,"Y",2021-05-10 12:36:00,69,0,9.38985229084888,"N",19.476,68.1,11.4101606367194,4.9,1032.74,17.72,21.71,21.07,27.83,22.67
"101",2021-05-10,2021-06-22 12:38:00,102,68,13.3,"M",NA,"both",35,373,25,2021-06-22 13:54:00,"N",2021-05-10 12:38:00,76,0,9.38985229084888,"N",19.468,68.1,11.4047944967304,5.03333333333333,1032.62,39.84,28.56,26.12,48.35,46.03
"102",2021-05-10,2021-06-22 12:36:00,103,69,15,"M",NA,"R",54,347,24,2021-06-22 14:01:00,"N",2021-05-10 12:36:00,85,0,9.38985229084888,"N",19.476,68.1,11.4101606367194,4.9,1032.74,43.13,25.81,33.06,26.08,39.38
"103",2021-05-10,2021-06-22 12:34:00,104,70,13.1,"M",NA,"R",39,355,24,2021-06-22 14:10:00,"N",2021-05-10 12:34:00,96,0,9.38985229084888,"N",19.484,68.1,11.4155289644008,4.76666666666667,1032.86,45.07,24.41,29.5,19.78,21.33
"104",2021-05-10,2021-06-22 12:35:00,105,69,10.9,"M",NA,"R",34,338,24,2021-06-22 14:20:00,"N",2021-05-10 12:35:00,105,0,9.38985229084888,"N",19.48,68.1,11.4128445270521,4.83333333333333,1032.8,33.55,30.21,33.23,28.48,33.52
"105",2021-05-10,2021-06-22 12:41:00,106,65,10.3,"F","N","R",35,364,23,2021-06-22 14:30:00,"N",2021-05-10 12:41:00,109,0,9.38985229084888,"N",19.456,68.1,11.396749387045,5.23333333333333,1032.44,46.47,25.28,28.21,32.98,42.86
"106",2021-05-10,2021-06-22 12:39:00,107,67,7.9,"F","N","R",24,356,23,2021-06-22 14:45:00,"N",2021-05-10 12:39:00,126,0,9.38985229084888,"N",19.464,68.1,11.4021122468884,5.1,1032.56,42.58,36.27,37.43,36.07,54.3
"107",2021-05-10,2021-06-22 12:50:00,108,68,11.1,"M",NA,"R",31,331,24,2021-06-22 14:55:00,"N",2021-05-10 12:50:00,125,0,9.38985229084888,"N",19.44,68.0333333333333,11.3748838411319,5.26666666666667,1031.7,27.43,27.95,38.32,30.81,39.73
"108",2021-05-10,2021-06-22 12:52:00,109,62,9.5,"M",NA,"R",37,376,23,2021-06-22 15:08:00,"N",2021-05-10 12:52:00,136,0,9.38985229084888,"N",19.44,68.0066666666667,11.370425287936,5.17333333333333,1031.5,25.89,30.92,30.85,53.49,52.12
"109",2021-05-10,2021-06-22 12:52:00,109,62,9.5,"M",NA,"R",37,376,23,2021-06-22 15:08:00,"N",2021-05-10 12:52:00,136,0,9.38985229084888,"N",19.44,68.0066666666667,11.370425287936,5.17333333333333,1031.5,25.89,30.92,32.88,53.49,52.12
"110",2021-05-10,2021-06-22 12:52:00,110,58,7.7,"M",NA,"R",43,372,24,2021-06-22 15:16:00,"Y",2021-05-10 12:52:00,144,0,9.38985229084888,"N",19.44,68.0066666666667,11.370425287936,5.17333333333333,1031.5,18.21,22.64,38.24,39.66,23.24
"111",2021-05-10,2021-06-22 12:30:00,111,68,13.8,"F","Y","R",34,349,23,2021-06-22 15:25:00,"N",2021-05-10 12:30:00,175,0,9.38985229084888,"N",19.5,68.1,11.4262721858139,4.5,1033.1,40.03,28.99,30.38,28.98,42.69
"112",2021-05-10,2021-06-22 12:40:00,112,69,10.5,"F","Y","R",37,378,23,2021-06-22 15:37:00,"Y",2021-05-10 12:40:00,177,0,9.38985229084888,"N",19.46,68.1,11.3994305436909,5.16666666666667,1032.5,16.2,28,26.05,17.19,23.26
"113",2021-05-10,2021-06-22 12:37:00,113,70,13.3,"M",NA,"R",40,364,21,2021-06-22 16:25:00,"N",2021-05-10 12:37:00,228,0,9.38985229084888,"N",19.472,68.1,11.4074772933098,4.96666666666667,1032.68,17.22,18.71,22.89,11.48,39.72
"114",2021-05-10,2021-06-22 12:37:00,114,67,11.3,"M",NA,"R",32,359,22,2021-06-22 16:35:00,"N",2021-05-10 12:37:00,238,0,9.38985229084888,"N",19.472,68.1,11.4074772933098,4.96666666666667,1032.68,13.37,20.17,22.65,14.62,21.95
"115",2021-05-10,2021-06-22 12:44:00,115,66,11.2,"F","Y","R",32,351,22,2021-06-22 15:52:00,"Y",2021-05-10 12:44:00,188,0,9.38985229084888,"N",19.444,68.1,11.3887091954891,5.43333333333333,1032.26,16.29,22.43,24.92,22.01,20.63
"116",2021-05-10,2021-06-22 12:40:00,116,55,6.5,"F","N","R",38,364,22,2021-06-22 16:02:00,"Y",2021-05-10 12:40:00,202,0,9.38985229084888,"N",19.46,68.1,11.3994305436909,5.16666666666667,1032.5,17.92,20.16,38.83,17.03,21.16
"117",2021-05-10,2021-06-22 12:52:00,117,67,13,"M",NA,"R",39,352,20,2021-06-22 16:45:00,"N",2021-05-10 12:52:00,233,0,9.38985229084888,"N",19.44,68.0066666666667,11.370425287936,5.17333333333333,1031.5,17.83,20.98,23.98,11.68,35.13
"118",2021-05-10,2021-06-22 13:03:00,118,68,10.2,"M",NA,"R",22,372,21,2021-06-22 16:50:00,"N",2021-05-10 13:03:00,227,0,9.38985229084888,"N",19.53,67.84,11.4027378102225,4.6,1030,18,17.1,17.51,14.32,38.4
"119",2021-05-10,2021-06-22 12:41:00,119,69,12.4,"F","Y","R",37,406,22,2021-06-22 16:15:00,"Y",2021-05-10 12:41:00,214,0,9.38985229084888,"N",19.456,68.1,11.396749387045,5.23333333333333,1032.44,13.7,18.31,23.84,14.38,38.46
"120",2021-05-10,2021-06-22 13:10:00,120,50,5.1,"M",NA,"R",33,371,21,2021-06-22 17:15:00,"Y",2021-05-10 13:10:00,245,0,9.38985229084888,"N",19.74,67.7,11.5204076072153,4.13333333333333,1028.36666666667,16.56,18.1,17.25,10.9,10.89
"121",2021-05-10,2021-06-22 13:21:00,121,58,7.6,"F","Y","R",35,398,NA,NA,"Y",2021-05-10 13:21:00,NA,0,9.38985229084888,"N",19.978,67.68,11.6788174364857,3.8,1025.72,NA,NA,NA,NA,NA
"122",2021-05-10,2021-06-22 12:55:00,122,65,11.8,"M",NA,"R",28,363,22,2021-06-22 17:04:00,"N",2021-05-10 12:55:00,249,0,9.38985229084888,"N",19.44,67.9666666666667,11.3637374581421,5.03333333333333,1031.2,17.9,16.75,20.54,15.64,18.82
"123",2021-05-17,2021-06-22 12:19:00,123,72,11.9,"M",NA,"R",52,362,27,2021-06-22 12:47:00,NA,2021-05-17 12:19:00,28,0.024,10.2676154578648,"Y",15.8313333333333,80.7333333333333,10.8837161965428,4.84,625.353333333333,17.92,30.91,30.71,16.73,38.66
"124",2021-05-17,2021-06-22 12:28:00,124,73,13,"F","Y","R",39,358,26,2021-06-22 12:55:00,NA,2021-05-17 12:28:00,27,0.024,10.2676154578648,"Y",15.6993333333333,81.0333333333333,10.8371969629155,5.38,593.973333333333,38.23,25.63,20.97,18.74,45.09
"125",2021-05-17,2021-06-22 12:25:00,125,65,9.2,"F","Y","R",37,346,26,2021-06-22 13:23:00,NA,2021-05-17 12:25:00,58,0.024,10.2676154578648,"Y",15.7433333333333,80.9333333333333,10.85270794554,5.2,604.433333333333,13.03,25.72,22.52,9.99,19.25
"126",2021-05-17,2021-06-22 12:48:00,126,69,9.7,"F","N","R",36,360,26,2021-06-22 13:36:00,NA,2021-05-17 12:48:00,48,0.024,10.2676154578648,"Y",15.912,79.3,10.7427859535357,5,772.16,14.22,15.19,33.67,10.62,10.68
"127",2021-05-17,2021-06-22 12:30:00,127,59,5.6,"F","N","R",38,337,24,2021-06-22 13:46:00,"Y",2021-05-17 12:30:00,76,0.024,10.2676154578648,"Y",15.67,81.1,10.8268538485737,5.5,587,12.92,29.87,26.46,15.07,51.46
"128",2021-05-17,2021-06-22 12:33:00,128,61,8.7,"M",NA,"R",35,348,23,2021-06-22 13:58:00,NA,2021-05-17 12:33:00,85,0.024,10.2676154578648,"Y",15.692,80.76,10.7958447129883,5.4,616.64,9.35,19.44,18.01,13.15,37.91
"129",2021-05-17,2021-06-22 12:31:00,129,70,11.2,"M",NA,"R",32,359,23,2021-06-22 14:06:00,NA,2021-05-17 12:31:00,95,0.024,10.2676154578648,"Y",15.6773333333333,80.9866666666667,10.8165290689813,5.46666666666667,596.88,16.28,14.31,21.73,17.2,18.08
"130",2021-05-17,2021-06-22 12:49:00,130,73,12.7,"M",NA,"R",31,346,25,2021-06-22 14:19:00,NA,2021-05-17 12:49:00,90,0.024,10.2676154578648,"Y",15.956,79.2666666666667,10.7668782007318,5,784.48,25.1,20.45,27.98,49.51,22.3
"131",2021-05-17,2021-06-22 12:34:00,131,68,10.9,"F","Y","R",29,362,24,2021-06-22 14:28:00,NA,2021-05-17 12:34:00,114,0.024,10.2676154578648,"Y",15.6993333333333,80.6466666666667,10.7854851222039,5.36666666666667,626.52,15.78,26.49,21.73,22.32,27.86
"132",2021-05-17,2021-06-22 12:24:00,132,70,11.7,"M",NA,"R",36,355,25,2021-06-22 14:36:00,NA,2021-05-17 12:24:00,132,0.024,10.2676154578648,"Y",15.758,80.9,10.85787727186,5.14,607.92,18.57,28.04,29.19,23.15,32.54
"133",2021-05-17,2021-06-22 12:33:00,133,71,13.1,"F","Y","R",35,371,25,2021-06-22 14:45:00,NA,2021-05-17 12:33:00,132,0.024,10.2676154578648,"Y",15.692,80.76,10.7958447129883,5.4,616.64,16.02,21.47,33.46,17.84,31
"134",2021-05-17,2021-06-22 12:38:00,134,59,5.3,"M",NA,"R",39,365,24,2021-06-22 14:54:00,NA,2021-05-17 12:38:00,136,0.024,10.2676154578648,"Y",15.7286666666667,80.1933333333333,10.7439305058531,5.23333333333333,666.04,15.16,22.9,23.8,10.07,23.83
"135",2021-05-17,2021-06-22 13:01:00,135,71,14.6,"M",NA,"R",41,362,23,2021-06-22 15:08:00,NA,2021-05-17 13:01:00,127,0.024,10.2676154578648,"Y",16.4513333333333,78.76,11.0226205328518,5.01333333333333,926.06,14.88,22.79,32.7,21.14,29.86
"136",2021-05-17,2021-06-22 12:47:00,136,67,12.7,"F","Y","R",27,368,22,2021-06-22 15:19:00,NA,2021-05-17 12:47:00,152,0.024,10.2676154578648,"Y",15.868,79.3333333333333,10.718735740974,5,759.84,19.22,16.22,23.89,17.18,18.38
"137",2021-05-17,2021-06-22 12:57:00,137,68,10.8,"F","Y","R",31,368,24,2021-06-22 15:31:00,NA,2021-05-17 12:57:00,154,0.024,10.2676154578648,"Y",16.308,79,10.9611347467428,5,883.04,18.17,25.43,22.81,19.41,20.02
"138",2021-05-17,2021-06-22 12:35:00,138,66,9.8,"F","Y","R",27,387,21,2021-06-22 15:42:00,NA,2021-05-17 12:35:00,187,0.024,10.2676154578648,"Y",15.7066666666667,80.5333333333333,10.7751139132997,5.33333333333333,636.4,11.57,19.64,17.55,10.07,24.41
"139",2021-05-17,2021-06-22 12:47:00,139,70,10.7,"F","N","R",34,394,22,2021-06-22 15:52:00,"Y",2021-05-17 12:47:00,185,0.024,10.2676154578648,"Y",15.868,79.3333333333333,10.718735740974,5,759.84,16.22,22.44,19.73,20.47,18.76
"140",2021-05-17,2021-06-22 12:38:00,140,66,10.8,"M",NA,"R",30,347,22,2021-06-22 16:00:00,NA,2021-05-17 12:38:00,202,0.024,10.2676154578648,"Y",15.7286666666667,80.1933333333333,10.7439305058531,5.23333333333333,666.04,24.48,24.24,22.06,20.82,22.91
"141",2021-05-17,2021-06-22 12:31:00,141,55,6.4,"F","N","R",36,387,22,2021-06-22 16:09:00,"Y",2021-05-17 12:31:00,218,0.024,10.2676154578648,"Y",15.6773333333333,80.9866666666667,10.8165290689813,5.46666666666667,596.88,12.68,16.96,24.36,17.37,18.29
"142",2021-05-17,2021-06-22 12:54:00,142,69,12.4,"F","Y","R",33,387,22,2021-06-22 16:18:00,NA,2021-05-17 12:54:00,204,0.024,10.2676154578648,"Y",16.176,79.1,10.8879715089543,5,846.08,10.11,18.4,18.22,14.26,18.36
"143",2021-05-17,2021-06-22 12:37:00,143,68,11.7,"F","Y","R",38,384,22,2021-06-22 16:30:00,"Y",2021-05-17 12:37:00,233,0.024,10.2676154578648,"Y",15.7213333333333,80.3066666666667,10.754336612329,5.26666666666667,656.16,21.93,19.64,17.12,12.74,20.17
"144",2021-05-17,2021-06-22 12:39:00,144,72,13.3,"M",NA,"R",36,366,22,2021-06-22 16:38:00,NA,2021-05-17 12:39:00,239,0.024,10.2676154578648,"Y",15.736,80.08,10.7335127524385,5.2,675.92,15.13,22.74,24.76,21.83,21.47
"145",2021-05-17,2021-06-22 12:27:00,145,69,12.3,"M",NA,"R",39,355,23,2021-06-22 16:46:00,NA,2021-05-17 12:27:00,259,0.024,10.2676154578648,"Y",15.714,81,10.8423677866841,5.32,597.46,17.74,22.93,21.21,21.1,25.16
"146",2021-05-17,2021-06-22 12:53:00,146,67,10.7,"M",NA,"R",26,371,24,2021-06-22 16:54:00,"Y",2021-05-17 12:53:00,241,0.024,10.2676154578648,"Y",16.132,79.1333333333333,10.863668423244,5,833.76,19.97,20.61,27.91,53.23,20.15
"147",2021-05-17,2021-06-22 12:40:00,147,67,10.2,"F","Y","R",27,375,23,2021-06-22 16:59:00,"Y",2021-05-17 12:40:00,259,0.024,10.2676154578648,"Y",15.7433333333333,79.9666666666667,10.7230833448725,5.16666666666667,685.8,28.81,23.48,28.26,29.04,50.96
"148",2021-05-17,2021-06-22 12:45:00,148,67,12,"M",NA,"R",36,387,23,2021-06-22 17:06:00,NA,2021-05-17 12:45:00,261,0.024,10.2676154578648,"Y",15.78,79.4,10.6707612421006,5,735.2,21.17,20.94,21.99,36.27,40.04
"149",2021-05-17,2021-06-22 12:48:00,149,60,7.7,"M",NA,"R",38,425,24,2021-06-22 17:14:00,NA,2021-05-17 12:48:00,266,0.024,10.2676154578648,"Y",15.912,79.3,10.7427859535357,5,772.16,15.57,21.72,22.99,9.32,40.51
"150",2021-05-17,2021-06-22 12:55:00,150,60,6.9,"M",NA,"R",42,436,22,2021-06-22 17:23:00,"Y",2021-05-17 12:55:00,268,0.024,10.2676154578648,"Y",16.22,79.0666666666667,10.9123168952781,5,858.4,9.59,19.74,18.39,13.64,23.84
