"","date","Time","individual_ID","region","TEWL_g_m2h","ambient_temp_C","ambient_RH_percent","CEWL_date_time","ambient_temp_K","e_s_kPa","e_a_kPa","VPD_kPa"
"1",2021-04-05,"13:24:15","01","dors",14.86,23.2,41.6,2021-04-05 13:24:15,296.35,2.91772640960958,1.21377418639759,1.703952223212
"2",2021-04-05,"13:26:54","01","vent",12.81,23.2,41.5,2021-04-05 13:26:54,296.35,2.91772640960958,1.21085645998798,1.70686994962161
"3",2021-04-05,"13:28:40","01","dewl",13.17,23.2,41.7,2021-04-05 13:28:40,296.35,2.91772640960958,1.2166919128072,1.70103449680239
"4",2021-04-05,"13:29:36","01","head",26.68,23.2,41.8,2021-04-05 13:29:36,296.35,2.91772640960958,1.21960963921681,1.69811677039278
"5",2021-04-05,"13:31:03","01","mite",11.35,23.2,41.6,2021-04-05 13:31:03,296.35,2.91772640960958,1.21377418639759,1.703952223212
"6",2021-04-05,"13:33:31","02","dors",26.29,23.3,41.6,2021-04-05 13:33:31,296.45,2.93577304014581,1.22128158470066,1.71449145544515
"7",2021-04-05,"13:34:16","02","vent",32.64,23.2,41.6,2021-04-05 13:34:16,296.35,2.91772640960958,1.21377418639759,1.703952223212
"8",2021-04-05,"13:36:19","02","dewl",9.6,23.2,41.7,2021-04-05 13:36:19,296.35,2.91772640960958,1.2166919128072,1.70103449680239
"9",2021-04-05,"13:37:05","02","head",26.83,23.1,41.9,2021-04-05 13:37:05,296.25,2.89977864320875,1.21500725150447,1.68477139170428
"10",2021-04-05,"13:39:13","02","mite",17.82,23.1,41.8,2021-04-05 13:39:13,296.25,2.89977864320875,1.21210747286126,1.68767117034749
"11",2021-04-05,"13:42:43","03","dors",26.35,23.2,41.6,2021-04-05 13:42:43,296.35,2.91772640960958,1.21377418639759,1.703952223212
"12",2021-04-05,"13:44:19","03","vent",20.94,23.2,41.4,2021-04-05 13:44:19,296.35,2.91772640960958,1.20793873357837,1.70978767603122
"13",2021-04-05,"13:46:19","03","dewl",21.75,23.2,41.5,2021-04-05 13:46:19,296.35,2.91772640960958,1.21085645998798,1.70686994962161
"14",2021-04-05,"13:47:26","03","head",28.91,23.3,41.3,2021-04-05 13:47:26,296.45,2.93577304014581,1.21247426558022,1.72329877456559
"15",2021-04-05,"13:48:17","03","mite",37.05,23.3,41.3,2021-04-05 13:48:17,296.45,2.93577304014581,1.21247426558022,1.72329877456559
"16",2021-04-05,"13:51:33","04","dors",21.52,23.3,41.4,2021-04-05 13:51:33,296.45,2.93577304014581,1.21541003862037,1.72036300152545
"17",2021-04-05,"13:55:58","04","vent",12.82,23.3,41.2,2021-04-05 13:55:58,296.45,2.93577304014581,1.20953849254007,1.72623454760574
"18",2021-04-05,"13:57:52","04","dewl",13.33,23.4,41,2021-04-05 13:57:52,296.55,2.95391900803567,1.21110679329462,1.74281221474104
"19",2021-04-05,"13:58:40","04","head",56.04,23.4,41,2021-04-05 13:58:40,296.55,2.95391900803567,1.21110679329462,1.74281221474104
"20",2021-04-05,"13:59:57","04","mite",34.17,23.3,41.3,2021-04-05 13:59:57,296.45,2.93577304014581,1.21247426558022,1.72329877456559
"21",2021-04-05,"14:01:47","05","dors",46.24,23.4,41.1,2021-04-05 14:01:47,296.55,2.95391900803567,1.21406071230266,1.73985829573301
"22",2021-04-05,"14:04:01","05","vent",14.64,23.3,41.2,2021-04-05 14:04:01,296.45,2.93577304014581,1.20953849254007,1.72623454760574
"23",2021-04-05,"14:05:17","05","dewl",21.58,23.2,41.2,2021-04-05 14:05:17,296.35,2.91772640960958,1.20210328075915,1.71562312885044
"24",2021-04-05,"14:06:08","05","head",60.16,23.2,41.3,2021-04-05 14:06:08,296.35,2.91772640960958,1.20502100716876,1.71270540244083
"25",2021-04-05,"14:08:41","05","mite",15.05,23.2,41.3,2021-04-05 14:08:41,296.35,2.91772640960958,1.20502100716876,1.71270540244083
"26",2021-04-05,"14:12:34","06","dors",14.91,23.2,41.2,2021-04-05 14:12:34,296.35,2.91772640960958,1.20210328075915,1.71562312885044
"27",2021-04-05,"14:14:27","06","vent",19.44,23.1,41.4,2021-04-05 14:14:27,296.25,2.89977864320875,1.20050835828842,1.69927028492033
"28",2021-04-05,"14:16:24","06","dewl",15.79,23.3,40.9,2021-04-05 14:16:24,296.45,2.93577304014581,1.20073117341964,1.73504186672617
"29",2021-04-05,"14:18:29","06","head",22.06,23.1,41.3,2021-04-05 14:18:29,296.25,2.89977864320875,1.19760857964521,1.70217006356354
"30",2021-04-05,"14:20:03","06","mite",12.54,23.1,41.3,2021-04-05 14:20:03,296.25,2.89977864320875,1.19760857964521,1.70217006356354
"31",2021-04-05,"14:22:49","07","dors",19.76,23.2,41.3,2021-04-05 14:22:49,296.35,2.91772640960958,1.20502100716876,1.71270540244083
"32",2021-04-05,"14:23:39","07","vent",39.52,23.3,41.1,2021-04-05 14:23:39,296.45,2.93577304014581,1.20660271949993,1.72917032064588
"33",2021-04-05,"14:25:57","07","dewl",21.2,23.3,41.3,2021-04-05 14:25:57,296.45,2.93577304014581,1.21247426558022,1.72329877456559
"34",2021-04-05,"14:26:39","07","head",32.21,23.4,41.4,2021-04-05 14:26:39,296.55,2.95391900803567,1.22292246932677,1.7309965387089
"35",2021-04-05,"14:29:09","07","mite",21.15,23.2,41.7,2021-04-05 14:29:09,296.35,2.91772640960958,1.2166919128072,1.70103449680239
"36",2021-04-05,"14:32:21","08","dors",16.12,23.2,41.8,2021-04-05 14:32:21,296.35,2.91772640960958,1.21960963921681,1.69811677039278
"37",2021-04-05,"14:33:39","08","vent",18.07,23.2,42,2021-04-05 14:33:39,296.35,2.91772640960958,1.22544509203603,1.69228131757356
"38",2021-04-05,"14:36:06","08","dewl",8.66,23.2,41.9,2021-04-05 14:36:06,296.35,2.91772640960958,1.22252736562642,1.69519904398317
"39",2021-04-05,"14:36:53","08","head",35.43,23.3,41.8,2021-04-05 14:36:53,296.45,2.93577304014581,1.22715313078095,1.70861990936486
"40",2021-04-05,"14:47:08","09","dors",13.75,23.2,41.7,2021-04-05 14:47:08,296.35,2.91772640960958,1.2166919128072,1.70103449680239
"41",2021-04-05,"14:49:09","09","vent",11.94,23.2,41.5,2021-04-05 14:49:09,296.35,2.91772640960958,1.21085645998798,1.70686994962161
"42",2021-04-05,"14:51:00","09","dewl",8.14,23.3,41.3,2021-04-05 14:51:00,296.45,2.93577304014581,1.21247426558022,1.72329877456559
"43",2021-04-05,"14:51:49","09","head",42.42,23.2,41.5,2021-04-05 14:51:49,296.35,2.91772640960958,1.21085645998798,1.70686994962161
"44",2021-04-05,"14:52:57","09","mite",19.07,23.3,41.4,2021-04-05 14:52:57,296.45,2.93577304014581,1.21541003862037,1.72036300152545
"45",2021-04-05,"14:55:39","10","dors",20.28,23.1,41.9,2021-04-05 14:55:39,296.25,2.89977864320875,1.21500725150447,1.68477139170428
"46",2021-04-05,"14:57:20","10","vent",20.21,23.1,41.8,2021-04-05 14:57:20,296.25,2.89977864320875,1.21210747286126,1.68767117034749
"47",2021-04-05,"14:59:34","10","dewl",12.04,23.2,41.6,2021-04-05 14:59:34,296.35,2.91772640960958,1.21377418639759,1.703952223212
"48",2021-04-05,"15:00:20","10","head",31.46,23.2,41.6,2021-04-05 15:00:20,296.35,2.91772640960958,1.21377418639759,1.703952223212
"49",2021-04-05,"15:04:32","10","mite",26.57,23.2,41.7,2021-04-05 15:04:32,296.35,2.91772640960958,1.2166919128072,1.70103449680239
"50",2021-04-05,"15:07:40","11","dors",16.87,23.2,42,2021-04-05 15:07:40,296.35,2.91772640960958,1.22544509203603,1.69228131757356
"51",2021-04-05,"15:09:55","11","vent",18.5,23.3,41.7,2021-04-05 15:09:55,296.45,2.93577304014581,1.2242173577408,1.71155568240501
"52",2021-04-05,"15:11:40","11","dewl",12.67,23.3,41.4,2021-04-05 15:11:40,296.45,2.93577304014581,1.21541003862037,1.72036300152545
"53",2021-04-05,"15:12:25","11","head",21.61,23.4,41.3,2021-04-05 15:12:25,296.55,2.95391900803567,1.21996855031873,1.73395045771694
"54",2021-04-05,"15:14:14","11","mite",14.2,23.4,41.3,2021-04-05 15:14:14,296.55,2.95391900803567,1.21996855031873,1.73395045771694
"55",2021-04-05,"15:16:49","12","dors",21.03,23.4,41.2,2021-04-05 15:16:49,296.55,2.95391900803567,1.21701463131069,1.73690437672497
"56",2021-04-05,"15:21:48","12","vent",13.37,23.3,41.4,2021-04-05 15:21:48,296.45,2.93577304014581,1.21541003862037,1.72036300152545
"57",2021-04-05,"15:23:18","12","dewl",12.4,23.4,41.2,2021-04-05 15:23:18,296.55,2.95391900803567,1.21701463131069,1.73690437672497
"58",2021-04-05,"15:24:07","12","head",31.03,23.3,41.4,2021-04-05 15:24:07,296.45,2.93577304014581,1.21541003862037,1.72036300152545
"59",2021-04-05,"15:25:40","12","mite",18.41,23.2,41.5,2021-04-05 15:25:40,296.35,2.91772640960958,1.21085645998798,1.70686994962161
"60",2021-04-05,"15:28:57","13","dors",11.25,23.4,41.3,2021-04-05 15:28:57,296.55,2.95391900803567,1.21996855031873,1.73395045771694
"61",2021-04-05,"15:33:16","13","vent",13.26,23.5,41,2021-04-05 15:33:16,296.65,2.97216478839271,1.21858756324101,1.7535772251517
"62",2021-04-05,"15:34:31","13","dewl",14.56,23.3,41.3,2021-04-05 15:34:31,296.45,2.93577304014581,1.21247426558022,1.72329877456559
"63",2021-04-05,"15:36:06","13","head",15,23.3,41.4,2021-04-05 15:36:06,296.45,2.93577304014581,1.21541003862037,1.72036300152545
"64",2021-04-05,"15:37:53","13","mite",43.44,23.3,41.4,2021-04-05 15:37:53,296.45,2.93577304014581,1.21541003862037,1.72036300152545
"65",2021-04-05,"15:40:45","14","dors",16.56,23.2,41.4,2021-04-05 15:40:45,296.35,2.91772640960958,1.20793873357837,1.70978767603122
"66",2021-04-05,"15:41:30","14","vent",30.84,23.3,41.3,2021-04-05 15:41:30,296.45,2.93577304014581,1.21247426558022,1.72329877456559
"67",2021-04-05,"15:43:25","14","dewl",13.19,23.4,41.2,2021-04-05 15:43:25,296.55,2.95391900803567,1.21701463131069,1.73690437672497
"68",2021-04-05,"15:45:05","14","head",17.24,23.4,41.2,2021-04-05 15:45:05,296.55,2.95391900803567,1.21701463131069,1.73690437672497
"69",2021-04-05,"15:46:31","14","mite",13.63,23.4,41.2,2021-04-05 15:46:31,296.55,2.95391900803567,1.21701463131069,1.73690437672497
"70",2021-04-05,"15:49:14","15","dors",18.87,23.3,41.5,2021-04-05 15:49:14,296.45,2.93577304014581,1.21834581166051,1.7174272284853
"71",2021-04-05,"15:49:56","15","vent",35.6,23.2,41.5,2021-04-05 15:49:56,296.35,2.91772640960958,1.21085645998798,1.70686994962161
"72",2021-04-05,"15:51:41","15","dewl",20.25,23.2,41.5,2021-04-05 15:51:41,296.35,2.91772640960958,1.21085645998798,1.70686994962161
"73",2021-04-05,"15:53:03","15","head",19.3,23.3,41.4,2021-04-05 15:53:03,296.45,2.93577304014581,1.21541003862037,1.72036300152545
"74",2021-04-05,"15:54:11","15","mite",40.2,23.4,41.4,2021-04-05 15:54:11,296.55,2.95391900803567,1.22292246932677,1.7309965387089
"75",2021-04-05,"15:59:13","16","dors",19.31,23.3,41.3,2021-04-05 15:59:13,296.45,2.93577304014581,1.21247426558022,1.72329877456559
"76",2021-04-05,"16:03:18","16","vent",18.11,23.3,41.3,2021-04-05 16:03:18,296.45,2.93577304014581,1.21247426558022,1.72329877456559
"77",2021-04-05,"16:05:03","16","dewl",10.02,23.2,41.2,2021-04-05 16:05:03,296.35,2.91772640960958,1.20210328075915,1.71562312885044
"78",2021-04-05,"16:07:12","16","head",14.72,23.1,41.4,2021-04-05 16:07:12,296.25,2.89977864320875,1.20050835828842,1.69927028492033
"79",2021-04-05,"16:08:14","16","mite",35.15,23.2,41.4,2021-04-05 16:08:14,296.35,2.91772640960958,1.20793873357837,1.70978767603122
"80",2021-04-05,"16:11:02","17","dors",13.17,23.2,41.2,2021-04-05 16:11:02,296.35,2.91772640960958,1.20210328075915,1.71562312885044
"81",2021-04-05,"16:12:30","17","vent",22.67,23.1,41.4,2021-04-05 16:12:30,296.25,2.89977864320875,1.20050835828842,1.69927028492033
"82",2021-04-05,"16:13:43","17","dewl",13.17,23.1,41.3,2021-04-05 16:13:43,296.25,2.89977864320875,1.19760857964521,1.70217006356354
"83",2021-04-05,"16:14:37","17","head",19.92,23.1,41.5,2021-04-05 16:14:37,296.25,2.89977864320875,1.20340813693163,1.69637050627712
"84",2021-04-05,"16:15:54","17","mite",54.3,23.1,41.8,2021-04-05 16:15:54,296.25,2.89977864320875,1.21210747286126,1.68767117034749
"85",2021-04-05,"16:19:38","18","dors",14.8,23,41.8,2021-04-05 16:19:38,296.15,2.88192926961438,1.20464643469881,1.67728283491557
"86",2021-04-05,"16:21:35","18","vent",18.42,23.2,41.3,2021-04-05 16:21:35,296.35,2.91772640960958,1.20502100716876,1.71270540244083
"87",2021-04-05,"16:23:01","18","dewl",13.91,23.1,41.6,2021-04-05 16:23:01,296.25,2.89977864320875,1.20630791557484,1.69347072763391
"88",2021-04-05,"16:24:08","18","head",15.86,23.1,41.5,2021-04-05 16:24:08,296.25,2.89977864320875,1.20340813693163,1.69637050627712
"89",2021-04-05,"16:27:11","18","mite",53.44,23.2,41.3,2021-04-05 16:27:11,296.35,2.91772640960958,1.20502100716876,1.71270540244083
"90",2021-04-05,"16:29:56","19","dors",16.51,23.1,41.7,2021-04-05 16:29:56,296.25,2.89977864320875,1.20920769421805,1.6905709489907
"91",2021-04-05,"16:32:09","19","vent",18.48,23.1,41.7,2021-04-05 16:32:09,296.25,2.89977864320875,1.20920769421805,1.6905709489907
"92",2021-04-05,"16:33:16","19","dewl",14,23.2,41.9,2021-04-05 16:33:16,296.35,2.91772640960958,1.22252736562642,1.69519904398317
"93",2021-04-05,"16:35:23","19","head",18.76,23,41.7,2021-04-05 16:35:23,296.15,2.88192926961438,1.2017645054292,1.68016476418518
"94",2021-04-05,"16:36:59","19","mite",23.02,23,41.8,2021-04-05 16:36:59,296.15,2.88192926961438,1.20464643469881,1.67728283491557
"95",2021-04-05,"16:40:17","20","dors",14.01,23.1,41.6,2021-04-05 16:40:17,296.25,2.89977864320875,1.20630791557484,1.69347072763391
"96",2021-04-05,"16:40:58","20","vent",27.7,23,41.6,2021-04-05 16:40:58,296.15,2.88192926961438,1.19888257615958,1.6830466934548
"97",2021-04-05,"16:42:52","20","dewl",11.66,23,41.5,2021-04-05 16:42:52,296.15,2.88192926961438,1.19600064688997,1.68592862272441
"98",2021-04-05,"16:43:38","20","head",27.05,23,41.5,2021-04-05 16:43:38,296.15,2.88192926961438,1.19600064688997,1.68592862272441
"99",2021-04-05,"16:45:02","20","mite",17.8,23,41.5,2021-04-05 16:45:02,296.15,2.88192926961438,1.19600064688997,1.68592862272441
"100",2021-04-05,"16:47:04","21","dors",15.18,23,41.6,2021-04-05 16:47:04,296.15,2.88192926961438,1.19888257615958,1.6830466934548
"101",2021-04-05,"16:47:46","21","vent",29.29,23,41.4,2021-04-05 16:47:46,296.15,2.88192926961438,1.19311871762035,1.68881055199403
"102",2021-04-05,"16:49:10","21","dewl",12.97,23,41.3,2021-04-05 16:49:10,296.15,2.88192926961438,1.19023678835074,1.69169248126364
"103",2021-04-05,"16:50:21","21","head",14.6,23,41.3,2021-04-05 16:50:21,296.15,2.88192926961438,1.19023678835074,1.69169248126364
"104",2021-04-05,"16:52:18","21","mite",13.6,23,41.3,2021-04-05 16:52:18,296.15,2.88192926961438,1.19023678835074,1.69169248126364
"105",2021-04-05,"16:54:47","26","dors",11.59,23,41.6,2021-04-05 16:54:47,296.15,2.88192926961438,1.19888257615958,1.6830466934548
"106",2021-04-05,"16:55:28","26","vent",32.58,22.9,41.7,2021-04-05 16:55:28,296.05,2.864177819381,1.19436215068188,1.66981566869912
"107",2021-04-05,"16:56:54","26","dewl",8.36,23,41.7,2021-04-05 16:56:54,296.15,2.88192926961438,1.2017645054292,1.68016476418518
"108",2021-04-05,"16:59:01","26","head",15.22,23,41.5,2021-04-05 16:59:01,296.15,2.88192926961438,1.19600064688997,1.68592862272441
"109",2021-04-05,"17:01:03","26","mite",30.93,23,41.7,2021-04-05 17:01:03,296.15,2.88192926961438,1.2017645054292,1.68016476418518
"110",2021-04-05,"17:03:47","27","dors",14.5,22.9,41.6,2021-04-05 17:03:47,296.05,2.864177819381,1.1914979728625,1.6726798465185
"111",2021-04-05,"17:04:41","27","vent",28.63,23,41.6,2021-04-05 17:04:41,296.15,2.88192926961438,1.19888257615958,1.6830466934548
"112",2021-04-05,"17:06:28","27","dewl",13.81,22.9,41.8,2021-04-05 17:06:28,296.05,2.864177819381,1.19722632850126,1.66695149087974
"113",2021-04-05,"17:07:27","27","head",16.28,23,41.8,2021-04-05 17:07:27,296.15,2.88192926961438,1.20464643469881,1.67728283491557
"114",2021-04-05,"17:09:09","27","mite",14.12,23.1,41.9,2021-04-05 17:09:09,296.25,2.89977864320875,1.21500725150447,1.68477139170428
"115",2021-04-05,"17:12:20","30","dors",16.24,23,41.8,2021-04-05 17:12:20,296.15,2.88192926961438,1.20464643469881,1.67728283491557
"116",2021-04-05,"17:14:41","30","vent",15.34,22.9,42,2021-04-05 17:14:41,296.05,2.864177819381,1.20295468414002,1.66122313524098
"117",2021-04-05,"17:16:14","30","dewl",10.67,22.9,41.9,2021-04-05 17:16:14,296.05,2.864177819381,1.20009050632064,1.66408731306036
"118",2021-04-05,"17:17:28","30","head",18.86,23,41.6,2021-04-05 17:17:28,296.15,2.88192926961438,1.19888257615958,1.6830466934548
"119",2021-04-05,"17:19:43","30","mite",13.95,22.9,42,2021-04-05 17:19:43,296.05,2.864177819381,1.20295468414002,1.66122313524098
"120",2021-04-05,"17:21:57","29","dors",13.65,22.9,41.6,2021-04-05 17:21:57,296.05,2.864177819381,1.1914979728625,1.6726798465185
"121",2021-04-05,"17:24:09","29","vent",16.74,23,41.5,2021-04-05 17:24:09,296.15,2.88192926961438,1.19600064688997,1.68592862272441
"122",2021-04-05,"17:25:35","29","dewl",14.13,22.9,41.7,2021-04-05 17:25:35,296.05,2.864177819381,1.19436215068188,1.66981566869912
"123",2021-04-05,"17:26:59","29","head",18.2,22.9,41.7,2021-04-05 17:26:59,296.05,2.864177819381,1.19436215068188,1.66981566869912
"124",2021-04-05,"17:29:01","29","mite",11.1,23,41.6,2021-04-05 17:29:01,296.15,2.88192926961438,1.19888257615958,1.6830466934548
"125",2021-04-05,"17:31:27","24","dors",13.95,23.1,41.7,2021-04-05 17:31:27,296.25,2.89977864320875,1.20920769421805,1.6905709489907
"126",2021-04-05,"17:32:46","24","vent",19.41,23,41.8,2021-04-05 17:32:46,296.15,2.88192926961438,1.20464643469881,1.67728283491557
"127",2021-04-05,"17:34:38","24","dewl",8.14,23,42.1,2021-04-05 17:34:38,296.15,2.88192926961438,1.21329222250765,1.66863704710672
"128",2021-04-05,"17:36:49","24","head",17.73,22.9,42,2021-04-05 17:36:49,296.05,2.864177819381,1.20295468414002,1.66122313524098
"129",2021-04-05,"17:38:20","24","mite",12.05,23.1,41.9,2021-04-05 17:38:20,296.25,2.89977864320875,1.21500725150447,1.68477139170428
"130",2021-04-19,"12:39:00","31","dors",35.71,22.5,47.8,2021-04-19 12:39:00,295.65,2.79414192873938,1.33559984193742,1.45854208680195
"131",2021-04-19,"12:39:46","31","vent",40.74,23,46.6,2021-04-19 12:39:46,296.15,2.88192926961438,1.3429790396403,1.53895022997408
"132",2021-04-19,"12:42:23","31","dewl",16.11,22.9,46.5,2021-04-19 12:42:23,296.05,2.864177819381,1.33184268601216,1.53233513336883
"133",2021-04-19,"12:43:09","31","head",36.05,23,46.3,2021-04-19 12:43:09,296.15,2.88192926961438,1.33433325183146,1.54759601778292
"134",2021-04-19,"12:44:00","31","mite",55.65,22.7,46.9,2021-04-19 12:44:00,295.85,2.8289668205973,1.32678543886013,1.50218138173717
"135",2021-04-19,"12:46:55","32","dors",52.97,23,46.7,2021-04-19 12:46:55,296.15,2.88192926961438,1.34586096890991,1.53606830070446
"136",2021-04-19,"12:47:47","32","vent",67.64,23,46.3,2021-04-19 12:47:47,296.15,2.88192926961438,1.33433325183146,1.54759601778292
"137",2021-04-19,"12:48:44","32","dewl",33.31,22.9,46.4,2021-04-19 12:48:44,296.05,2.864177819381,1.32897850819278,1.53519931118821
"138",2021-04-19,"12:49:27","32","head",45.79,22.9,46.3,2021-04-19 12:49:27,296.05,2.864177819381,1.3261143303734,1.5380634890076
"139",2021-04-19,"12:52:52","32","mite",38.55,23,45.9,2021-04-19 12:52:52,296.15,2.88192926961438,1.322805534753,1.55912373486138
"140",2021-04-19,"13:02:51","34","dors",37.87,22.8,46.8,2021-04-19 13:02:51,295.95,2.84652382494072,1.33217315007226,1.51435067486846
"141",2021-04-19,"13:03:36","34","vent",51.47,23,46,2021-04-19 13:03:36,296.15,2.88192926961438,1.32568746402261,1.55624180559176
"142",2021-04-19,"13:05:12","34","dewl",14.82,22.8,46.3,2021-04-19 13:05:12,295.95,2.84652382494072,1.31794053094755,1.52858329399317
"143",2021-04-19,"13:06:00","34","head",70.75,22.9,46.3,2021-04-19 13:06:00,296.05,2.864177819381,1.3261143303734,1.5380634890076
"144",2021-04-19,"13:07:36","34","mite",38.99,22.9,46.2,2021-04-19 13:07:36,296.05,2.864177819381,1.32325015255402,1.54092766682698
"145",2021-04-19,"13:08:52","33","dors",33.85,22.9,46.3,2021-04-19 13:08:52,296.05,2.864177819381,1.3261143303734,1.5380634890076
"146",2021-04-19,"13:09:52","33","vent",49.98,22.9,46.3,2021-04-19 13:09:52,296.05,2.864177819381,1.3261143303734,1.5380634890076
"147",2021-04-19,"13:11:54","33","dewl",22.64,23.1,46,2021-04-19 13:11:54,296.25,2.89977864320875,1.33389817587603,1.56588046733273
"148",2021-04-19,"13:12:53","33","head",84.26,23,45.9,2021-04-19 13:12:53,296.15,2.88192926961438,1.322805534753,1.55912373486138
"149",2021-04-19,"13:14:43","33","mite",24.67,22.8,46.6,2021-04-19 13:14:43,295.95,2.84652382494072,1.32648010242238,1.52004372251834
"150",2021-04-19,"13:21:20","35","dors",24.87,22.9,46.6,2021-04-19 13:21:20,296.05,2.864177819381,1.33470686383155,1.52947095554945
"151",2021-04-19,"13:22:15","35","vent",43.61,23,46.5,2021-04-19 13:22:15,296.15,2.88192926961438,1.34009711037069,1.54183215924369
"152",2021-04-19,"13:23:33","35","dewl",20,23,46.6,2021-04-19 13:23:33,296.15,2.88192926961438,1.3429790396403,1.53895022997408
"153",2021-04-19,"13:27:20","35","head",27.06,23.1,46.3,2021-04-19 13:27:20,296.25,2.89977864320875,1.34259751180565,1.5571811314031
"154",2021-04-19,"13:28:03","35","mite",48.47,23.1,46.3,2021-04-19 13:28:03,296.25,2.89977864320875,1.34259751180565,1.5571811314031
"155",2021-04-19,"13:30:36","36","dors",29.76,23,46.3,2021-04-19 13:30:36,296.15,2.88192926961438,1.33433325183146,1.54759601778292
"156",2021-04-19,"13:31:25","36","vent",56.55,23.1,46.3,2021-04-19 13:31:25,296.25,2.89977864320875,1.34259751180565,1.5571811314031
"157",2021-04-19,"13:32:31","36","dewl",23.82,23.1,46.4,2021-04-19 13:32:31,296.25,2.89977864320875,1.34549729044886,1.55428135275989
"158",2021-04-19,"13:34:52","36","head",24.66,22.9,46.6,2021-04-19 13:34:52,296.05,2.864177819381,1.33470686383155,1.52947095554945
"159",2021-04-19,"13:36:46","36","mite",16.9,23,46.5,2021-04-19 13:36:46,296.15,2.88192926961438,1.34009711037069,1.54183215924369
"160",2021-04-19,"13:38:08","37","dors",33.05,23.2,46.2,2021-04-19 13:38:08,296.35,2.91772640960958,1.34798960123963,1.56973680836996
"161",2021-04-19,"13:38:59","37","vent",53.51,23,46.4,2021-04-19 13:38:59,296.15,2.88192926961438,1.33721518110107,1.54471408851331
"162",2021-04-19,"13:40:41","37","dewl",25.21,23.1,46.1,2021-04-19 13:40:41,296.25,2.89977864320875,1.33679795451923,1.56298068868952
"163",2021-04-19,"13:42:10","37","head",30.71,23.1,46,2021-04-19 13:42:10,296.25,2.89977864320875,1.33389817587603,1.56588046733273
"164",2021-04-19,"13:42:59","37","mite",60.55,23.1,46,2021-04-19 13:42:59,296.25,2.89977864320875,1.33389817587603,1.56588046733273
"165",2021-04-19,"13:44:53","38","dors",33.27,23,46.4,2021-04-19 13:44:53,296.15,2.88192926961438,1.33721518110107,1.54471408851331
"166",2021-04-19,"13:47:29","38","vent",23.34,23,46.2,2021-04-19 13:47:29,296.15,2.88192926961438,1.33145132256184,1.55047794705253
"167",2021-04-19,"13:49:25","38","dewl",21,23.1,46,2021-04-19 13:49:25,296.25,2.89977864320875,1.33389817587603,1.56588046733273
"168",2021-04-19,"13:50:11","38","head",65.73,23,46.4,2021-04-19 13:50:11,296.15,2.88192926961438,1.33721518110107,1.54471408851331
"169",2021-04-19,"13:52:06","38","mite",26.7,23,46.4,2021-04-19 13:52:06,296.15,2.88192926961438,1.33721518110107,1.54471408851331
"170",2021-04-19,"13:56:14","39","dors",34.26,22.8,46.8,2021-04-19 13:56:14,295.95,2.84652382494072,1.33217315007226,1.51435067486846
"171",2021-04-19,"13:57:59","39","vent",32.21,23.1,46.2,2021-04-19 13:57:59,296.25,2.89977864320875,1.33969773316244,1.56008091004631
"172",2021-04-19,"14:00:47","39","dewl",12.56,23,46.4,2021-04-19 14:00:47,296.15,2.88192926961438,1.33721518110107,1.54471408851331
"173",2021-04-19,"14:01:41","39","head",62.94,23,46.5,2021-04-19 14:01:41,296.15,2.88192926961438,1.34009711037069,1.54183215924369
"174",2021-04-19,"14:03:35","39","mite",20.6,23,46.5,2021-04-19 14:03:35,296.15,2.88192926961438,1.34009711037069,1.54183215924369
"175",2021-04-19,"14:07:12","40","dors",22.86,23.3,46,2021-04-19 14:07:12,296.45,2.93577304014581,1.35045559846707,1.58531744167874
"176",2021-04-19,"14:07:56","40","vent",59.15,23.2,46.1,2021-04-19 14:07:56,296.35,2.91772640960958,1.34507187483002,1.57265453477957
"177",2021-04-19,"14:10:14","40","dewl",18.13,23,46.2,2021-04-19 14:10:14,296.15,2.88192926961438,1.33145132256184,1.55047794705253
"178",2021-04-19,"14:11:18","40","head",27.16,23.1,45.9,2021-04-19 14:11:18,296.25,2.89977864320875,1.33099839723282,1.56878024597593
"179",2021-04-19,"14:12:53","40","mite",27.5,23,45.9,2021-04-19 14:12:53,296.15,2.88192926961438,1.322805534753,1.55912373486138
"180",2021-04-19,"14:16:34","42","dors",41.74,23,46.2,2021-04-19 14:16:34,296.15,2.88192926961438,1.33145132256184,1.55047794705253
"181",2021-04-19,"14:17:30","42","vent",52.38,23,46,2021-04-19 14:17:30,296.15,2.88192926961438,1.32568746402261,1.55624180559176
"182",2021-04-19,"14:20:49","42","dewl",18.14,23,46,2021-04-19 14:20:49,296.15,2.88192926961438,1.32568746402261,1.55624180559176
"183",2021-04-19,"14:21:42","42","head",55.74,23,46.1,2021-04-19 14:21:42,296.15,2.88192926961438,1.32856939329223,1.55335987632215
"184",2021-04-19,"14:22:29","42","mite",44.87,23,46.1,2021-04-19 14:22:29,296.15,2.88192926961438,1.32856939329223,1.55335987632215
"185",2021-04-19,"14:25:20","41","dors",47.22,22.9,46.5,2021-04-19 14:25:20,296.05,2.864177819381,1.33184268601216,1.53233513336883
"186",2021-04-19,"14:26:14","41","vent",51.66,22.9,46.5,2021-04-19 14:26:14,296.05,2.864177819381,1.33184268601216,1.53233513336883
"187",2021-04-19,"14:28:37","41","dewl",25.78,23,46,2021-04-19 14:28:37,296.15,2.88192926961438,1.32568746402261,1.55624180559176
"188",2021-04-19,"14:29:21","41","head",57.31,22.8,46.5,2021-04-19 14:29:21,295.95,2.84652382494072,1.32363357859743,1.52289024634329
"189",2021-04-19,"14:30:53","41","mite",42.28,23,46.1,2021-04-19 14:30:53,296.15,2.88192926961438,1.32856939329223,1.55335987632215
"190",2021-04-19,"14:36:07","43","dors",25.13,23,46,2021-04-19 14:36:07,296.15,2.88192926961438,1.32568746402261,1.55624180559176
"191",2021-04-19,"14:36:54","43","vent",42.79,23,46,2021-04-19 14:36:54,296.15,2.88192926961438,1.32568746402261,1.55624180559176
"192",2021-04-19,"14:39:22","43","dewl",21.04,23.1,45.7,2021-04-19 14:39:22,296.25,2.89977864320875,1.3251988399464,1.57457980326235
"193",2021-04-19,"14:40:07","43","head",34.9,23,45.7,2021-04-19 14:40:07,296.15,2.88192926961438,1.31704167621377,1.56488759340061
"194",2021-04-19,"14:42:27","43","mite",20.38,23.1,45.7,2021-04-19 14:42:27,296.25,2.89977864320875,1.3251988399464,1.57457980326235
"195",2021-04-19,"14:44:44","44","dors",20.44,23.2,45.2,2021-04-19 14:44:44,296.35,2.91772640960958,1.31881233714353,1.59891407246605
"196",2021-04-19,"14:47:27","44","vent",24.03,22.9,45.7,2021-04-19 14:47:27,296.05,2.864177819381,1.30892926345712,1.55524855592388
"197",2021-04-19,"14:49:36","44","dewl",10.04,23.1,45.4,2021-04-19 14:49:36,296.25,2.89977864320875,1.31649950401677,1.58327913919198
"198",2021-04-19,"14:50:17","44","head",34.16,23,45.5,2021-04-19 14:50:17,296.15,2.88192926961438,1.31127781767454,1.57065145193984
"199",2021-04-19,"14:52:39","44","mite",16.42,23,45.6,2021-04-19 14:52:39,296.15,2.88192926961438,1.31415974694416,1.56776952267022
"200",2021-04-19,"14:54:43","45","dors",17.09,23,45.6,2021-04-19 14:54:43,296.15,2.88192926961438,1.31415974694416,1.56776952267022
"201",2021-04-19,"14:57:11","45","vent",17.23,22.9,45.7,2021-04-19 14:57:11,296.05,2.864177819381,1.30892926345712,1.55524855592388
"202",2021-04-19,"14:58:38","45","dewl",12.76,22.9,45.7,2021-04-19 14:58:38,296.05,2.864177819381,1.30892926345712,1.55524855592388
"203",2021-04-19,"15:00:20","45","head",30.05,22.8,45.8,2021-04-19 15:00:20,295.95,2.84652382494072,1.30370791182285,1.54281591311787
"204",2021-04-19,"15:06:52","45","mite",14.98,23,45.4,2021-04-19 15:06:52,296.15,2.88192926961438,1.30839588840493,1.57353338120945
"205",2021-04-19,"15:42:39","46","dors",12.8,22.6,46.4,2021-04-19 15:42:39,295.75,2.81150634252035,1.30453894292944,1.50696739959091
"206",2021-04-19,"15:44:50","46","vent",14.37,22.5,46.4,2021-04-19 15:44:50,295.65,2.79414192873938,1.29648185493507,1.49766007380431
"207",2021-04-19,"15:47:02","46","dewl",7.31,22.4,46.6,2021-04-19 15:47:02,295.55,2.77687311913808,1.29402287351834,1.48285024561973
"208",2021-04-19,"15:48:57","46","head",18.84,22.6,46.3,2021-04-19 15:48:57,295.75,2.81150634252035,1.30172743658692,1.50977890593343
"209",2021-04-19,"15:50:44","46","mite",13.69,22.6,46.3,2021-04-19 15:50:44,295.75,2.81150634252035,1.30172743658692,1.50977890593343
"210",2021-04-19,"15:52:34","47","dors",17.2,22.6,46.4,2021-04-19 15:52:34,295.75,2.81150634252035,1.30453894292944,1.50696739959091
"211",2021-04-19,"15:54:51","47","vent",15.93,22.7,46.2,2021-04-19 15:54:51,295.85,2.8289668205973,1.30698267111595,1.52198414948135
"212",2021-04-19,"15:57:25","47","dewl",7.48,22.6,46.3,2021-04-19 15:57:25,295.75,2.81150634252035,1.30172743658692,1.50977890593343
"213",2021-04-19,"15:58:56","47","head",17.59,22.7,46.1,2021-04-19 15:58:56,295.85,2.8289668205973,1.30415370429536,1.52481311630195
"214",2021-04-19,"15:59:46","47","mite",32.18,22.5,46.7,2021-04-19 15:59:46,295.65,2.79414192873938,1.30486428072129,1.48927764801809
"215",2021-04-19,"16:01:16","52","dors",16.5,22.7,46.4,2021-04-19 16:01:16,295.85,2.8289668205973,1.31264060475715,1.51632621584015
"216",2021-04-19,"16:02:09","52","vent",28.55,22.6,46.4,2021-04-19 16:02:09,295.75,2.81150634252035,1.30453894292944,1.50696739959091
"217",2021-04-19,"16:04:02","52","dewl",15.41,22.8,46,2021-04-19 16:04:02,295.95,2.84652382494072,1.30940095947273,1.53712286546799
"218",2021-04-19,"16:05:30","52","head",27.53,22.6,46.2,2021-04-19 16:05:30,295.75,2.81150634252035,1.2989159302444,1.51259041227595
"219",2021-04-19,"16:08:02","52","mite",13.59,22.6,46.2,2021-04-19 16:08:02,295.75,2.81150634252035,1.2989159302444,1.51259041227595
"220",2021-04-19,"16:19:14","53","dors",19.65,22.5,46.6,2021-04-19 16:19:14,295.65,2.79414192873938,1.30207013879255,1.49207178994683
"221",2021-04-19,"16:27:22","53","vent",22.84,22.5,47,2021-04-19 16:27:22,295.65,2.79414192873938,1.31324670650751,1.48089522223187
"222",2021-04-19,"16:28:41","53","dewl",20.6,22.5,46.6,2021-04-19 16:28:41,295.65,2.79414192873938,1.30207013879255,1.49207178994683
"223",2021-04-19,"16:30:26","53","head",30.53,22.5,46.6,2021-04-19 16:30:26,295.65,2.79414192873938,1.30207013879255,1.49207178994683
"224",2021-04-19,"16:31:28","53","mite",32.47,22.6,46.5,2021-04-19 16:31:28,295.75,2.81150634252035,1.30735044927196,1.50415589324839
"225",2021-04-19,"16:33:20","48","dors",21.67,22.6,46.4,2021-04-19 16:33:20,295.75,2.81150634252035,1.30453894292944,1.50696739959091
"226",2021-04-19,"16:34:10","48","vent",45.14,22.6,46.4,2021-04-19 16:34:10,295.75,2.81150634252035,1.30453894292944,1.50696739959091
"227",2021-04-19,"16:36:34","48","dewl",19.94,22.6,46.3,2021-04-19 16:36:34,295.75,2.81150634252035,1.30172743658692,1.50977890593343
"228",2021-04-19,"16:38:00","48","head",33.41,22.6,46,2021-04-19 16:38:00,295.75,2.81150634252035,1.29329291755936,1.51821342496099
"229",2021-04-19,"16:38:46","48","mite",46.56,22.6,46.1,2021-04-19 16:38:46,295.75,2.81150634252035,1.29610442390188,1.51540191861847
"230",2021-04-19,"16:42:03","50","dors",19.23,22.6,46,2021-04-19 16:42:03,295.75,2.81150634252035,1.29329291755936,1.51821342496099
"231",2021-04-19,"16:42:51","50","vent",40.05,22.6,46.1,2021-04-19 16:42:51,295.75,2.81150634252035,1.29610442390188,1.51540191861847
"232",2021-04-19,"16:44:41","50","dewl",21.97,22.5,46.2,2021-04-19 16:44:41,295.65,2.79414192873938,1.29089357107759,1.50324835766178
"233",2021-04-19,"16:45:31","50","head",44.01,22.6,46.1,2021-04-19 16:45:31,295.75,2.81150634252035,1.29610442390188,1.51540191861847
"234",2021-04-19,"16:46:54","50","mite",32.18,22.6,45.9,2021-04-19 16:46:54,295.75,2.81150634252035,1.29048141121684,1.52102493130351
"235",2021-04-19,"16:50:21","51","dors",22.75,22.6,45.9,2021-04-19 16:50:21,295.75,2.81150634252035,1.29048141121684,1.52102493130351
"236",2021-04-19,"16:51:05","51","vent",35.25,22.7,45.8,2021-04-19 16:51:05,295.85,2.8289668205973,1.29566680383356,1.53330001676374
"237",2021-04-19,"16:51:53","51","dewl",25.24,22.7,45.7,2021-04-19 16:51:53,295.85,2.8289668205973,1.29283783701297,1.53612898358434
"238",2021-04-19,"16:54:02","51","head",23.34,22.6,45.8,2021-04-19 16:54:02,295.75,2.81150634252035,1.28766990487432,1.52383643764603
"239",2021-04-19,"16:56:06","51","mite",20.32,22.6,45.8,2021-04-19 16:56:06,295.75,2.81150634252035,1.28766990487432,1.52383643764603
"240",2021-04-26,"12:58:20","54","dors",28.62,22.7,39.4,2021-04-26 12:58:20,295.85,2.8289668205973,1.11461292731534,1.71435389328197
"241",2021-04-26,"12:59:05","54","vent",40.04,22.8,39.2,2021-04-26 12:59:05,295.95,2.84652382494072,1.11583733937676,1.73068648556396
"242",2021-04-26,"13:00:16","54","head",24.8,22.8,39,2021-04-26 13:00:16,295.95,2.84652382494072,1.11014429172688,1.73637953321384
"243",2021-04-26,"13:04:19","54","dewl",17.97,22.8,38.5,2021-04-26 13:04:19,295.95,2.84652382494072,1.09591167260218,1.75061215233854
"244",2021-04-26,"13:05:41","54","mite",18.21,22.5,39.2,2021-04-26 13:05:41,295.65,2.79414192873938,1.09530363606584,1.69883829267354
"245",2021-04-26,"13:09:16","55","dors",25.72,22.7,39.2,2021-04-26 13:09:16,295.85,2.8289668205973,1.10895499367414,1.72001182692316
"246",2021-04-26,"13:13:00","55","vent",32.95,22.7,39.1,2021-04-26 13:13:00,295.85,2.8289668205973,1.10612602685355,1.72284079374376
"247",2021-04-26,"13:15:38","55","head",19.77,22.9,38.5,2021-04-26 13:15:38,296.05,2.864177819381,1.10270846046168,1.76146935891931
"248",2021-04-26,"13:20:45","57","dors",24.75,22.9,39,2021-04-26 13:20:45,296.05,2.864177819381,1.11702934955859,1.74714846982241
"249",2021-04-26,"13:21:31","57","vent",43.6,22.8,38.8,2021-04-26 13:21:31,295.95,2.84652382494072,1.104451244077,1.74207258086372
"250",2021-04-26,"13:22:46","57","head",20.49,23,38.6,2021-04-26 13:22:46,296.15,2.88192926961438,1.11242469807115,1.76950457154323
"251",2021-04-26,"13:24:58","57","dewl",20.09,23.2,38.1,2021-04-26 13:24:58,296.35,2.91772640960958,1.11165376206125,1.80607264754833
"252",2021-04-26,"13:25:48","57","mite",65.61,23,38.4,2021-04-26 13:25:48,296.15,2.88192926961438,1.10666083953192,1.77526843008246
"253",2021-04-26,"13:31:47","58","dors",18.38,22.9,38.5,2021-04-26 13:31:47,296.05,2.864177819381,1.10270846046168,1.76146935891931
"254",2021-04-26,"13:32:57","58","vent",37.95,23,38.3,2021-04-26 13:32:57,296.15,2.88192926961438,1.10377891026231,1.77815035935207
"255",2021-04-26,"13:34:07","58","head",23.97,22.9,38.1,2021-04-26 13:34:07,296.05,2.864177819381,1.09125174918416,1.77292607019684
"256",2021-04-26,"13:36:28","58","dewl",15.89,22.9,38,2021-04-26 13:36:28,296.05,2.864177819381,1.08838757136478,1.77579024801622
"257",2021-04-26,"13:37:14","58","mite",28.84,22.8,38.3,2021-04-26 13:37:14,295.95,2.84652382494072,1.0902186249523,1.75630519998842
"258",2021-04-26,"13:55:06","59","dors",10.46,22.6,37.1,2021-04-26 13:55:06,295.75,2.81150634252035,1.04306885307505,1.7684374894453
"259",2021-04-26,"13:57:03","59","vent",10.76,22.8,36.7,2021-04-26 13:57:03,295.95,2.84652382494072,1.04467424375324,1.80184958118748
"260",2021-04-26,"13:58:07","59","head",11.13,22.8,36.9,2021-04-26 13:58:07,295.95,2.84652382494072,1.05036729140313,1.79615653353759
"261",2021-04-26,"13:59:51","59","dewl",9.39,22.9,36.7,2021-04-26 13:59:51,296.05,2.864177819381,1.05115325971283,1.81302455966817
"262",2021-04-26,"14:00:49","59","mite",29.65,23.1,36.6,2021-04-26 14:00:49,296.25,2.89977864320875,1.0613189834144,1.83845965979435
"263",2021-04-26,"14:06:40","60","dors",28.13,23,36.9,2021-04-26 14:06:40,296.15,2.88192926961438,1.06343190048771,1.81849736912667
"264",2021-04-26,"14:07:26","60","vent",29.1,22.9,36.7,2021-04-26 14:07:26,296.05,2.864177819381,1.05115325971283,1.81302455966817
"265",2021-04-26,"14:08:06","60","head",38.42,22.7,37.1,2021-04-26 14:08:06,295.85,2.8289668205973,1.0495466904416,1.7794201301557
"266",2021-04-26,"14:10:46","60","dewl",14.35,22.8,36.8,2021-04-26 14:10:46,295.95,2.84652382494072,1.04752076757819,1.79900305736254
"267",2021-04-26,"14:11:31","60","mite",45.69,23.2,36.4,2021-04-26 14:11:31,296.35,2.91772640960958,1.06205241309789,1.8556739965117
"268",2021-04-26,"14:13:15","61","dors",21.8,23.2,36.4,2021-04-26 14:13:15,296.35,2.91772640960958,1.06205241309789,1.8556739965117
"269",2021-04-26,"14:14:04","61","vent",50.15,23.2,36.2,2021-04-26 14:14:04,296.35,2.91772640960958,1.05621696027867,1.86150944933091
"270",2021-04-26,"14:15:20","61","head",27.09,23.2,35.7,2021-04-26 14:15:20,296.35,2.91772640960958,1.04162832823062,1.87609808137896
"271",2021-04-26,"14:16:01","61","dewl",44.25,23.1,35.7,2021-04-26 14:16:01,296.25,2.89977864320875,1.03522097562552,1.86455766758323
"272",2021-04-26,"14:22:13","62","dors",27.05,22.8,36.2,2021-04-26 14:22:13,295.95,2.84652382494072,1.03044162462854,1.81608220031218
"273",2021-04-26,"14:22:54","62","vent",29.97,22.8,36,2021-04-26 14:22:54,295.95,2.84652382494072,1.02474857697866,1.82177524796206
"274",2021-04-26,"14:23:48","62","head",21.25,22.9,36.1,2021-04-26 14:23:48,296.05,2.864177819381,1.03396819279654,1.83020962658446
"275",2021-04-26,"14:25:59","62","dewl",19.17,23,35.6,2021-04-26 14:25:59,296.15,2.88192926961438,1.02596681998272,1.85596244963166
"276",2021-04-26,"14:28:13","62","mite",19.76,23,35.8,2021-04-26 14:28:13,296.15,2.88192926961438,1.03173067852195,1.85019859109243
"277",2021-04-26,"14:29:32","63","dors",17.38,23.1,35.6,2021-04-26 14:29:32,296.25,2.89977864320875,1.03232119698232,1.86745744622644
"278",2021-04-26,"14:30:36","63","vent",47.13,23.1,35.6,2021-04-26 14:30:36,296.25,2.89977864320875,1.03232119698232,1.86745744622644
"279",2021-04-26,"14:32:13","63","head",33.2,23.1,35.5,2021-04-26 14:32:13,296.25,2.89977864320875,1.02942141833911,1.87035722486964
"280",2021-04-26,"14:34:57","63","dewl",25.38,23.1,35.2,2021-04-26 14:34:57,296.25,2.89977864320875,1.02072208240948,1.87905656079927
"281",2021-04-26,"14:39:07","63","mite",96.16,23,35.2,2021-04-26 14:39:07,296.15,2.88192926961438,1.01443910290426,1.86749016671012
"282",2021-04-26,"15:15:17","64","dors",11.42,22.7,34.9,2021-04-26 15:15:17,295.85,2.8289668205973,0.987309420388458,1.84165740020884
"283",2021-04-26,"15:15:59","64","vent",26.04,22.6,34.9,2021-04-26 15:15:59,295.75,2.81150634252035,0.981215713539601,1.83029062898075
"284",2021-04-26,"15:16:55","64","head",9.47,22.6,34.9,2021-04-26 15:16:55,295.75,2.81150634252035,0.981215713539601,1.83029062898075
"285",2021-04-26,"15:18:48","64","dewl",11.67,22.7,34.6,2021-04-26 15:18:48,295.85,2.8289668205973,0.978822519926667,1.85014430067064
"286",2021-04-26,"15:19:53","64","mite",35.28,22.6,35,2021-04-26 15:19:53,295.75,2.81150634252035,0.984027219882121,1.82747912263823
"287",2021-04-26,"15:22:32","65","dewl",17.08,22.8,34.7,2021-04-26 15:22:32,295.95,2.84652382494072,0.98774376725443,1.85878005768629
"288",2021-04-26,"15:23:19","65","vent",42.96,22.8,34.6,2021-04-26 15:23:19,295.95,2.84652382494072,0.984897243429489,1.86162658151123
"289",2021-04-26,"15:25:43","65","head",50.5,22.7,34.6,2021-04-26 15:25:43,295.85,2.8289668205973,0.978822519926667,1.85014430067064
"290",2021-04-26,"15:27:22","66","dors",32.26,22.7,34.6,2021-04-26 15:27:22,295.85,2.8289668205973,0.978822519926667,1.85014430067064
"291",2021-04-26,"15:28:07","66","vent",54.11,22.8,34.6,2021-04-26 15:28:07,295.95,2.84652382494072,0.984897243429489,1.86162658151123
"292",2021-04-26,"15:29:21","66","head",20.94,22.7,34.8,2021-04-26 15:29:21,295.85,2.8289668205973,0.984480453567861,1.84448636702944
"293",2021-04-26,"15:32:46","66","dewl",26.23,22.6,35.1,2021-04-26 15:32:46,295.75,2.81150634252035,0.986838726224642,1.82466761629571
"294",2021-04-26,"15:34:47","66","mite",24.86,22.8,34.8,2021-04-26 15:34:47,295.95,2.84652382494072,0.990590291079371,1.85593353386135
"295",2021-04-26,"15:36:58","67","dors",23.34,22.6,35.1,2021-04-26 15:36:58,295.75,2.81150634252035,0.986838726224642,1.82466761629571
"296",2021-04-26,"15:37:49","67","vent",53.03,22.8,35,2021-04-26 15:37:49,295.95,2.84652382494072,0.996283338729252,1.85024048621147
"297",2021-04-26,"15:38:40","67","head",24.65,22.5,35,2021-04-26 15:38:40,295.65,2.79414192873938,0.977949675058781,1.81619225368059
"298",2021-04-26,"15:40:11","67","mite",83.49,22.7,35,2021-04-26 15:40:11,295.85,2.8289668205973,0.990138387209056,1.83882843338825
"299",2021-04-26,"15:42:32","68","dors",17.39,22.8,34.7,2021-04-26 15:42:32,295.95,2.84652382494072,0.98774376725443,1.85878005768629
"300",2021-04-26,"15:43:20","68","vent",50.11,22.8,34.7,2021-04-26 15:43:20,295.95,2.84652382494072,0.98774376725443,1.85878005768629
"301",2021-04-26,"15:44:45","68","head",70.72,22.8,34.8,2021-04-26 15:44:45,295.95,2.84652382494072,0.990590291079371,1.85593353386135
"302",2021-04-26,"15:46:20","68","dewl",46.64,22.9,34.6,2021-04-26 15:46:20,296.05,2.864177819381,0.991005525505825,1.87317229387517
"303",2021-04-26,"15:48:57","68","mite",23.13,23,34.3,2021-04-26 15:48:57,296.15,2.88192926961438,0.988501739477731,1.89342753013665
"304",2021-04-26,"15:50:50","69","dors",21.66,22.9,34.6,2021-04-26 15:50:50,296.05,2.864177819381,0.991005525505825,1.87317229387517
"305",2021-04-26,"15:53:00","69","vent",32.51,22.9,34.4,2021-04-26 15:53:00,296.05,2.864177819381,0.985277169867063,1.87890064951393
"306",2021-04-26,"15:54:02","69","head",18.21,22.9,34.3,2021-04-26 15:54:02,296.05,2.864177819381,0.982412992047682,1.88176482733332
"307",2021-04-26,"15:55:12","69","dewl",35.03,23,34.2,2021-04-26 15:55:12,296.15,2.88192926961438,0.985619810208117,1.89630945940626
"308",2021-04-26,"15:57:12","69","mite",23.91,23,34.1,2021-04-26 15:57:12,296.15,2.88192926961438,0.982737880938503,1.89919138867587
"309",2021-04-26,"15:58:48","70","dors",16.92,23,34.1,2021-04-26 15:58:48,296.15,2.88192926961438,0.982737880938503,1.89919138867587
"310",2021-04-26,"15:59:36","70","vent",55.07,23,34,2021-04-26 15:59:36,296.15,2.88192926961438,0.979855951668888,1.90207331794549
"311",2021-04-26,"16:00:42","70","head",55.25,23,34.1,2021-04-26 16:00:42,296.15,2.88192926961438,0.982737880938503,1.89919138867587
"312",2021-04-26,"16:02:50","70","dewl",25.57,23,34.1,2021-04-26 16:02:50,296.15,2.88192926961438,0.982737880938503,1.89919138867587
"313",2021-04-26,"16:03:42","70","mite",34.01,23,34.1,2021-04-26 16:03:42,296.15,2.88192926961438,0.982737880938503,1.89919138867587
"314",2021-04-26,"16:05:24","71","dors",12.67,23.1,34,2021-04-26 16:05:24,296.25,2.89977864320875,0.985924738690975,1.91385390451778
"315",2021-04-26,"16:06:12","71","vent",34.43,23,34.1,2021-04-26 16:06:12,296.15,2.88192926961438,0.982737880938503,1.89919138867587
"316",2021-04-26,"16:07:18","71","head",19.86,23,34,2021-04-26 16:07:18,296.15,2.88192926961438,0.979855951668888,1.90207331794549
"317",2021-04-26,"16:08:03","71","dewl",28.3,23,34,2021-04-26 16:08:03,296.15,2.88192926961438,0.979855951668888,1.90207331794549
"318",2021-04-26,"16:10:29","71","mite",10.85,23,34,2021-04-26 16:10:29,296.15,2.88192926961438,0.979855951668888,1.90207331794549
"319",2021-04-26,"16:12:35","72","dors",21.7,23,34.1,2021-04-26 16:12:35,296.15,2.88192926961438,0.982737880938503,1.89919138867587
"320",2021-04-26,"16:14:05","72","vent",18.75,23,34.1,2021-04-26 16:14:05,296.15,2.88192926961438,0.982737880938503,1.89919138867587
"321",2021-04-26,"16:15:15","72","head",18.55,23,34,2021-04-26 16:15:15,296.15,2.88192926961438,0.979855951668888,1.90207331794549
"322",2021-04-26,"16:16:43","72","dewl",18,23,34.1,2021-04-26 16:16:43,296.15,2.88192926961438,0.982737880938503,1.89919138867587
"323",2021-04-26,"16:18:22","72","mite",47.15,23,34.2,2021-04-26 16:18:22,296.15,2.88192926961438,0.985619810208117,1.89630945940626
"324",2021-04-26,"16:20:43","73","dors",15.37,23,34.3,2021-04-26 16:20:43,296.15,2.88192926961438,0.988501739477731,1.89342753013665
"325",2021-04-26,"16:21:29","73","vent",23.66,23,34.5,2021-04-26 16:21:29,296.15,2.88192926961438,0.99426559801696,1.88766367159742
"326",2021-04-26,"16:22:26","73","head",18.31,22.9,34.8,2021-04-26 16:22:26,296.05,2.864177819381,0.996733881144587,1.86744393823641
"327",2021-04-26,"16:26:43","73","mite",10.51,22.9,34.9,2021-04-26 16:26:43,296.05,2.864177819381,0.999598058963968,1.86457976041703
"328",2021-04-26,"16:30:32","74","dors",15.27,22.8,35.3,2021-04-26 16:30:32,295.95,2.84652382494072,1.00482291020407,1.84170091473665
"329",2021-04-26,"16:32:41","74","vent",13.36,22.9,35.4,2021-04-26 16:32:41,296.05,2.864177819381,1.01391894806087,1.85025887132012
"330",2021-04-26,"16:33:35","74","head",14.54,22.9,35.5,2021-04-26 16:33:35,296.05,2.864177819381,1.01678312588025,1.84739469350074
"331",2021-04-26,"16:35:34","74","dewl",12.75,22.9,35.6,2021-04-26 16:35:34,296.05,2.864177819381,1.01964730369964,1.84453051568136
"332",2021-04-26,"16:36:24","74","mite",25.13,22.9,35.7,2021-04-26 16:36:24,296.05,2.864177819381,1.02251148151902,1.84166633786198
"333",2021-04-26,"16:40:45","75","dors",14.89,22.9,36,2021-04-26 16:40:45,296.05,2.864177819381,1.03110401497716,1.83307380440384
"334",2021-04-26,"16:41:29","75","vent",22.1,22.8,36.2,2021-04-26 16:41:29,295.95,2.84652382494072,1.03044162462854,1.81608220031218
"335",2021-04-26,"16:42:46","75","head",12.71,22.8,36.3,2021-04-26 16:42:46,295.95,2.84652382494072,1.03328814845348,1.81323567648724
"336",2021-04-26,"16:45:02","75","dewl",9.3,22.7,36.7,2021-04-26 16:45:02,295.85,2.8289668205973,1.03823082315921,1.79073599743809
"337",2021-04-26,"16:46:28","75","mite",14.48,22.7,36.8,2021-04-26 16:46:28,295.85,2.8289668205973,1.04105978997981,1.7879070306175
"338",2021-04-26,"16:49:22","76","dors",14.04,22.9,36.7,2021-04-26 16:49:22,296.05,2.864177819381,1.05115325971283,1.81302455966817
"339",2021-04-26,"16:51:45","76","vent",11.82,22.8,37.3,2021-04-26 16:51:45,295.95,2.84652382494072,1.06175338670289,1.78477043823783
"340",2021-04-26,"16:52:53","76","head",12.97,23,37.2,2021-04-26 16:52:53,296.15,2.88192926961438,1.07207768829655,1.80985158131783
"341",2021-04-26,"16:55:23","76","dewl",12.37,23,37.1,2021-04-26 16:55:23,296.15,2.88192926961438,1.06919575902693,1.81273351058744
"342",2021-04-26,"16:57:08","76","dewl",16.35,23,37.1,2021-04-26 16:57:08,296.15,2.88192926961438,1.06919575902693,1.81273351058744
"343",2021-04-26,"16:59:43","77","dors",9.76,22.9,37.4,2021-04-26 16:59:43,296.05,2.864177819381,1.07120250444849,1.7929753149325
"344",2021-04-26,"17:00:24","77","vent",21.18,22.9,37.5,2021-04-26 17:00:24,296.05,2.864177819381,1.07406668226787,1.79011113711312
"345",2021-04-26,"17:01:30","77","head",11.98,22.9,37.3,2021-04-26 17:01:30,296.05,2.864177819381,1.06833832662911,1.79583949275189
"346",2021-04-26,"17:03:14","77","dewl",11.86,22.9,37.3,2021-04-26 17:03:14,296.05,2.864177819381,1.06833832662911,1.79583949275189
"347",2021-04-26,"17:04:45","77","mite",13.74,22.8,37.5,2021-04-26 17:04:45,295.95,2.84652382494072,1.06744643435277,1.77907739058795
"348",2021-04-26,"17:07:23","78","dors",9.52,23,37.2,2021-04-26 17:07:23,296.15,2.88192926961438,1.07207768829655,1.80985158131783
"349",2021-04-26,"17:09:35","78","vent",15.69,22.9,37.4,2021-04-26 17:09:35,296.05,2.864177819381,1.07120250444849,1.7929753149325
"350",2021-04-26,"17:10:23","78","head",22.02,22.9,37.4,2021-04-26 17:10:23,296.05,2.864177819381,1.07120250444849,1.7929753149325
"351",2021-04-26,"17:12:17","78","dewl",10.3,23,37.5,2021-04-26 17:12:17,296.15,2.88192926961438,1.08072347610539,1.80120579350899
"352",2021-04-26,"17:13:48","78","mite",15.69,23,37.5,2021-04-26 17:13:48,296.15,2.88192926961438,1.08072347610539,1.80120579350899
"353",2021-04-26,"17:18:32","79","dors",9.53,23,37.5,2021-04-26 17:18:32,296.15,2.88192926961438,1.08072347610539,1.80120579350899
"354",2021-04-26,"17:19:17","79","vent",30.77,22.9,37.6,2021-04-26 17:19:17,296.05,2.864177819381,1.07693086008726,1.78724695929374
"355",2021-04-26,"17:20:38","79","head",11.43,23,37.6,2021-04-26 17:20:38,296.15,2.88192926961438,1.08360540537501,1.79832386423937
"356",2021-04-26,"17:21:21","79","dewl",21.78,23,37.6,2021-04-26 17:21:21,296.15,2.88192926961438,1.08360540537501,1.79832386423937
"357",2021-04-26,"17:23:49","79","mite",82.34,23,37.6,2021-04-26 17:23:49,296.15,2.88192926961438,1.08360540537501,1.79832386423937
"358",2021-05-03,"12:46:40","81","dors",21.4,23.9,43.8,2021-05-03 12:46:40,297.05,3.04615560342968,1.3342161543022,1.71193944912748
"359",2021-05-03,"12:47:38","81","vent",46.18,23.9,43.7,2021-05-03 12:47:38,297.05,3.04615560342968,1.33116999869877,1.71498560473091
"360",2021-05-03,"12:48:42","81","head",20.87,23.9,43.7,2021-05-03 12:48:42,297.05,3.04615560342968,1.33116999869877,1.71498560473091
"361",2021-05-03,"12:51:19","81","dewl",15.7,23.8,43.9,2021-05-03 12:51:19,296.95,3.02750578395568,1.32907503915654,1.69843074479914
"362",2021-05-03,"12:53:13","81","mite",14.5,23.9,43.7,2021-05-03 12:53:13,297.05,3.04615560342968,1.33116999869877,1.71498560473091
"363",2021-05-03,"12:55:42","82","dors",21.29,23.9,43.7,2021-05-03 12:55:42,297.05,3.04615560342968,1.33116999869877,1.71498560473091
"364",2021-05-03,"12:56:29","82","vent",44.98,24,43.7,2021-05-03 12:56:29,297.15,3.06490763957534,1.33936463849442,1.72554300108092
"365",2021-05-03,"12:58:34","82","head",15.59,24.2,43.5,2021-05-03 12:58:34,297.35,3.1027203102586,1.34968333496249,1.75303697529611
"366",2021-05-03,"13:00:09","82","dewl",18.97,24.2,43.6,2021-05-03 13:00:09,297.35,3.1027203102586,1.35278605527275,1.74993425498585
"367",2021-05-03,"13:02:31","82","mite",17.68,24.3,43.8,2021-05-03 13:02:31,297.45,3.12178192383325,1.36734048263896,1.75444144119429
"368",2021-05-03,"13:04:30","83","dors",24.21,24.3,43.9,2021-05-03 13:04:30,297.45,3.12178192383325,1.3704622645628,1.75131965927045
"369",2021-05-03,"13:06:37","83","vent",21.29,24.4,43.8,2021-05-03 13:06:37,297.55,3.14094771216565,1.37573509792855,1.76521261423709
"370",2021-05-03,"13:07:31","83","head",27.23,24.4,43.8,2021-05-03 13:07:31,297.55,3.14094771216565,1.37573509792855,1.76521261423709
"371",2021-05-03,"13:10:14","83","dewl",12.41,24.3,43.9,2021-05-03 13:10:14,297.45,3.12178192383325,1.3704622645628,1.75131965927045
"372",2021-05-03,"13:11:59","83","mite",21.76,24.4,43.8,2021-05-03 13:11:59,297.55,3.14094771216565,1.37573509792855,1.76521261423709
"373",2021-05-03,"13:15:11","84","dors",9.17,24.5,43.5,2021-05-03 13:15:11,297.65,3.16021816964998,1.37469490379774,1.78552326585224
"374",2021-05-03,"13:16:56","84","vent",12.26,24.5,43.6,2021-05-03 13:16:56,297.65,3.16021816964998,1.37785512196739,1.78236304768259
"375",2021-05-03,"13:18:32","84","head",35.79,24.3,44,2021-05-03 13:18:32,297.45,3.12178192383325,1.37358404648663,1.74819787734662
"376",2021-05-03,"13:20:48","84","dewl",13.33,24.3,44.1,2021-05-03 13:20:48,297.45,3.12178192383325,1.37670582841046,1.74507609542279
"377",2021-05-03,"13:23:02","84","mite",3.41,24.5,43.7,2021-05-03 13:23:02,297.65,3.16021816964998,1.38101534013704,1.77920282951294
"378",2021-05-03,"14:06:36","85","dors",4,24.8,42.9,2021-05-03 14:06:36,297.95,3.21866253040931,1.38080622554559,1.83785630486371
"379",2021-05-03,"14:09:05","85","vent",7.11,24.7,42.9,2021-05-03 14:09:05,297.85,3.1990750794627,1.3724032090895,1.8266718703732
"380",2021-05-03,"14:10:35","85","head",32.96,24.6,43,2021-05-03 14:10:35,297.75,3.17959379264151,1.36722533083585,1.81236846180566
"381",2021-05-03,"14:11:24","85","dewl",54.54,24.7,42.9,2021-05-03 14:11:24,297.85,3.1990750794627,1.3724032090895,1.8266718703732
"382",2021-05-03,"14:12:37","85","mite",24.05,24.8,42.8,2021-05-03 14:12:37,297.95,3.21866253040931,1.37758756301518,1.84107496739412
"383",2021-05-03,"14:14:41","86","dors",18,24.7,43,2021-05-03 14:14:41,297.85,3.1990750794627,1.37560228416896,1.82347279529374
"384",2021-05-03,"14:21:04","86","head",26.8,24.8,42.6,2021-05-03 14:21:04,297.95,3.21866253040931,1.37115023795436,1.84751229245494
"385",2021-05-03,"14:23:37","86","dewl",17.16,24.8,42.7,2021-05-03 14:23:37,297.95,3.21866253040931,1.37436890048477,1.84429362992453
"386",2021-05-03,"14:25:34","86","mite",19.36,24.8,43,2021-05-03 14:25:34,297.95,3.21866253040931,1.384024888076,1.8346376423333
"387",2021-05-03,"14:28:21","87","dors",19.32,24.9,42.8,2021-05-03 14:28:21,298.05,3.23835664775641,1.38601664523974,1.85234000251667
"388",2021-05-03,"14:29:10","87","vent",43.87,25,42.6,2021-05-03 14:29:10,298.15,3.25815793576456,1.3879752806357,1.87018265512886
"389",2021-05-03,"14:30:47","87","head",18.55,25,42.5,2021-05-03 14:30:47,298.15,3.25815793576456,1.38471712269994,1.87344081306462
"390",2021-05-03,"14:31:36","87","dewl",40.62,24.9,42.8,2021-05-03 14:31:36,298.05,3.23835664775641,1.38601664523974,1.85234000251667
"391",2021-05-03,"14:32:24","87","mite",46.09,24.9,42.7,2021-05-03 14:32:24,298.05,3.23835664775641,1.38277828859199,1.85557835916442
"392",2021-05-03,"14:34:45","88","dors",20.53,24.9,42.8,2021-05-03 14:34:45,298.05,3.23835664775641,1.38601664523974,1.85234000251667
"393",2021-05-03,"14:35:39","88","vent",54.07,24.9,42.8,2021-05-03 14:35:39,298.05,3.23835664775641,1.38601664523974,1.85234000251667
"394",2021-05-03,"14:36:34","88","head",34.75,24.9,43,2021-05-03 14:36:34,298.05,3.23835664775641,1.39249335853526,1.84586328922115
"395",2021-05-03,"14:37:58","88","dewl",31.06,24.9,42.9,2021-05-03 14:37:58,298.05,3.23835664775641,1.3892550018875,1.84910164586891
"396",2021-05-03,"14:38:56","88","mite",37.76,24.9,43.1,2021-05-03 14:38:56,298.05,3.23835664775641,1.39573171518301,1.8426249325734
"397",2021-05-03,"14:41:08","89","dors",30.13,24.8,43.3,2021-05-03 14:41:08,297.95,3.21866253040931,1.39368087566723,1.82498165474208
"398",2021-05-03,"14:41:56","89","vent",44.99,25,43.2,2021-05-03 14:41:56,298.15,3.25815793576456,1.40752422825029,1.85063370751427
"399",2021-05-03,"14:42:45","89","head",44.3,24.9,43.2,2021-05-03 14:42:45,298.05,3.23835664775641,1.39897007183077,1.83938657592564
"400",2021-05-03,"14:46:23","89","dewl",35.77,25.1,42.7,2021-05-03 14:46:23,298.25,3.27806690068585,1.39973456659286,1.87833233409299
"401",2021-05-03,"14:49:03","89","mite",24.89,25,42.8,2021-05-03 14:49:03,298.15,3.25815793576456,1.39449159650723,1.86366633925733
"402",2021-05-03,"14:54:24","90","dors",23.25,24.9,43.3,2021-05-03 14:54:24,298.05,3.23835664775641,1.40220842847853,1.83614821927788
"403",2021-05-03,"14:55:21","90","vent",37.03,25,42.9,2021-05-03 14:55:21,298.15,3.25815793576456,1.397749754443,1.86040818132156
"404",2021-05-03,"14:57:26","90","head",20.32,25,42.8,2021-05-03 14:57:26,298.15,3.25815793576456,1.39449159650723,1.86366633925733
"405",2021-05-03,"14:59:55","90","dewl",18.27,25.1,42.4,2021-05-03 14:59:55,298.25,3.27806690068585,1.3899003658908,1.88816653479505
"406",2021-05-03,"15:02:17","90","mite",21.72,25,42.3,2021-05-03 15:02:17,298.15,3.25815793576456,1.37820080682841,1.87995712893615
"407",2021-05-03,"15:04:47","91","dors",25.73,24.9,42.4,2021-05-03 15:04:47,298.05,3.23835664775641,1.37306321864872,1.86529342910769
"408",2021-05-03,"15:05:41","91","vent",40.86,25,42.1,2021-05-03 15:05:41,298.15,3.25815793576456,1.37168449095688,1.88647344480768
"409",2021-05-03,"15:07:10","91","head",27.2,25.1,41.7,2021-05-03 15:07:10,298.25,3.27806690068585,1.366953897586,1.91111300309985
"410",2021-05-03,"15:08:01","91","dewl",31.84,25.1,41.6,2021-05-03 15:08:01,298.25,3.27806690068585,1.36367583068531,1.91439107000054
"411",2021-05-03,"15:09:51","91","mite",32.68,25.1,41.6,2021-05-03 15:09:51,298.25,3.27806690068585,1.36367583068531,1.91439107000054
"412",2021-05-03,"15:13:22","92","dors",24.84,24.9,42,2021-05-03 15:13:22,298.05,3.23835664775641,1.36010979205769,1.87824685569872
"413",2021-05-03,"15:14:13","92","vent",38.6,25,41.7,2021-05-03 15:14:13,298.15,3.25815793576456,1.35865185921382,1.89950607655074
"414",2021-05-03,"15:15:18","92","head",33.58,25,41.7,2021-05-03 15:15:18,298.15,3.25815793576456,1.35865185921382,1.89950607655074
"415",2021-05-03,"15:17:53","92","dewl",22.69,25,41.6,2021-05-03 15:17:53,298.15,3.25815793576456,1.35539370127806,1.9027642344865
"416",2021-05-03,"15:20:39","92","mite",25.8,25.2,41,2021-05-03 15:20:39,298.35,3.29808405077003,1.35221446081571,1.94586958995432
"417",2021-05-03,"15:22:51","93","dors",21.52,25.1,41.4,2021-05-03 15:22:51,298.25,3.27806690068585,1.35711969688394,1.92094720380191
"418",2021-05-03,"15:23:47","93","vent",39.88,25.1,41.3,2021-05-03 15:23:47,298.25,3.27806690068585,1.35384162998326,1.92422527070259
"419",2021-05-03,"15:25:12","93","head",27.47,25.2,41.2,2021-05-03 15:25:12,298.35,3.29808405077003,1.35881062891725,1.93927342185278
"420",2021-05-03,"15:25:56","93","dewl",36.42,25.1,41.2,2021-05-03 15:25:56,298.25,3.27806690068585,1.35056356308257,1.92750333760328
"421",2021-05-03,"15:26:43","93","mite",46.67,25.2,41.1,2021-05-03 15:26:43,298.35,3.29808405077003,1.35551254486648,1.94257150590355
"422",2021-05-03,"15:29:35","94","dors",20.19,25.1,41,2021-05-03 15:29:35,298.25,3.27806690068585,1.3440074292812,1.93405947140465
"423",2021-05-03,"15:31:25","94","vent",20.34,25.1,40.8,2021-05-03 15:31:25,298.25,3.27806690068585,1.33745129547983,1.94061560520602
"424",2021-05-03,"15:33:19","94","mite",17.1,25.1,40.6,2021-05-03 15:33:19,298.25,3.27806690068585,1.33089516167845,1.94717173900739
"425",2021-05-03,"15:35:54","95","dors",20.16,25.2,40.6,2021-05-03 15:35:54,298.35,3.29808405077003,1.33902212461263,1.9590619261574
"426",2021-05-03,"15:36:42","95","vent",45.52,25.2,40.5,2021-05-03 15:36:42,298.35,3.29808405077003,1.33572404056186,1.96236001020817
"427",2021-05-03,"15:38:14","95","head",26.54,25.1,40.7,2021-05-03 15:38:14,298.25,3.27806690068585,1.33417322857914,1.94389367210671
"428",2021-05-03,"15:38:59","95","dewl",44,25.1,40.5,2021-05-03 15:38:59,298.25,3.27806690068585,1.32761709477777,1.95044980590808
"429",2021-05-03,"15:39:53","95","mite",62.75,25.2,40.3,2021-05-03 15:39:53,298.35,3.29808405077003,1.32912787246032,1.96895617830971
"430",2021-05-03,"15:41:55","96","dors",26.27,25.2,40,2021-05-03 15:41:55,298.35,3.29808405077003,1.31923362030801,1.97885043046202
"431",2021-05-03,"15:42:49","96","vent",37.15,25.3,39.6,2021-05-03 15:42:49,298.45,3.31820989627073,1.31401111892321,2.00419877734752
"432",2021-05-03,"15:43:47","96","head",32.05,25.3,39.5,2021-05-03 15:43:47,298.45,3.31820989627073,1.31069290902694,2.00751698724379
"433",2021-05-03,"15:44:35","96","dewl",35.15,25.3,39.2,2021-05-03 15:44:35,298.45,3.31820989627073,1.30073827933813,2.01747161693261
"434",2021-05-03,"15:45:22","96","mite",38.8,25.3,39.2,2021-05-03 15:45:22,298.45,3.31820989627073,1.30073827933813,2.01747161693261
"435",2021-05-03,"15:48:31","97","dors",22.38,25.3,39,2021-05-03 15:48:31,298.45,3.31820989627073,1.29410185954559,2.02410803672515
"436",2021-05-03,"15:49:29","97","vent",41.2,25.2,39.2,2021-05-03 15:49:29,298.35,3.29808405077003,1.29284894790185,2.00523510286818
"437",2021-05-03,"15:50:14","97","head",42.81,25.2,39.4,2021-05-03 15:50:14,298.35,3.29808405077003,1.29944511600339,1.99863893476664
"438",2021-05-03,"15:51:12","97","dewl",42.1,25.3,38.9,2021-05-03 15:51:12,298.45,3.31820989627073,1.29078364964932,2.02742624662142
"439",2021-05-03,"15:52:19","97","mite",41.92,25.2,38.9,2021-05-03 15:52:19,298.35,3.29808405077003,1.28295469574954,2.01512935502049
"440",2021-05-03,"15:55:12","98","dors",20.19,25.2,38.8,2021-05-03 15:55:12,298.35,3.29808405077003,1.27965661169877,2.01842743907126
"441",2021-05-03,"15:56:05","98","vent",32.61,25.3,38.6,2021-05-03 15:56:05,298.45,3.31820989627073,1.2808290199605,2.03738087631023
"442",2021-05-03,"15:57:11","98","head",28.15,25.3,38.4,2021-05-03 15:57:11,298.45,3.31820989627073,1.27419260016796,2.04401729610277
"443",2021-05-03,"15:58:00","98","dewl",32.61,25.2,38.5,2021-05-03 15:58:00,298.35,3.29808405077003,1.26976235954646,2.02832169122357
"444",2021-05-03,"15:58:55","98","mite",40.84,25.2,38.4,2021-05-03 15:58:55,298.35,3.29808405077003,1.26646427549569,2.03161977527434
"445",2021-05-03,"16:01:19","99","dors",22,25.2,38.1,2021-05-03 16:01:19,298.35,3.29808405077003,1.25657002334338,2.04151402742665
"446",2021-05-03,"16:02:05","99","vent",33.69,25.2,37.7,2021-05-03 16:02:05,298.35,3.29808405077003,1.2433776871403,2.05470636362973
"447",2021-05-03,"16:02:56","99","head",36.67,25.1,37.8,2021-05-03 16:02:56,298.25,3.27806690068585,1.23910928845925,2.0389576122266
"448",2021-05-03,"16:03:42","99","dewl",45.19,25.1,37.9,2021-05-03 16:03:42,298.25,3.27806690068585,1.24238735535994,2.03567954532591
"449",2021-05-03,"16:04:40","99","mite",46.74,25.1,37.7,2021-05-03 16:04:40,298.25,3.27806690068585,1.23583122155856,2.04223567912728
"450",2021-05-10,"13:12:49","100","dors",36.42,22.4,53.1,2021-05-10 13:12:49,295.55,2.77687311913808,1.47451962626232,1.30235349287576
"451",2021-05-10,"13:13:37","100","vent",50.64,22.3,53,2021-05-10 13:13:37,295.45,2.75969945544842,1.46264071138766,1.29705874406076
"452",2021-05-10,"13:14:38","100","head",39.38,22.3,53,2021-05-10 13:14:38,295.45,2.75969945544842,1.46264071138766,1.29705874406076
"453",2021-05-10,"13:15:25","100","dewl",55.3,22.3,52.9,2021-05-10 13:15:25,295.45,2.75969945544842,1.45988101193221,1.29981844351621
"454",2021-05-10,"13:46:18","100","mite",20.34,22.8,52,2021-05-10 13:46:18,295.95,2.84652382494072,1.48019238896917,1.36633143597155
"455",2021-05-10,"13:36:13","101","dors",21.71,22.6,52.1,2021-05-10 13:36:13,295.75,2.81150634252035,1.4647948044531,1.34671153806725
"456",2021-05-10,"13:37:55","101","vent",22.67,22.8,51.5,2021-05-10 13:37:55,295.95,2.84652382494072,1.46595976984447,1.38056405509625
"457",2021-05-10,"13:39:44","101","head",21.07,22.9,51.1,2021-05-10 13:39:44,296.05,2.864177819381,1.46359486570369,1.40058295367731
"458",2021-05-10,"13:41:55","101","dewl",17.72,22.8,51.7,2021-05-10 13:41:55,295.95,2.84652382494072,1.47165281749435,1.37487100744637
"459",2021-05-10,"13:43:41","101","mite",27.83,23,51.2,2021-05-10 13:43:41,296.15,2.88192926961438,1.47554778604256,1.40638148357182
"460",2021-05-10,"13:49:09","102","dors",28.56,22.9,51.7,2021-05-10 13:49:09,296.05,2.864177819381,1.48077993261998,1.38339788676102
"461",2021-05-10,"13:50:06","102","vent",46.03,22.9,51.4,2021-05-10 13:50:06,296.05,2.864177819381,1.47218739916183,1.39199042021916
"462",2021-05-10,"13:52:12","102","head",26.12,22.9,51.5,2021-05-10 13:52:12,296.05,2.864177819381,1.47505157698121,1.38912624239978
"463",2021-05-10,"13:52:57","102","dewl",39.84,23,51.3,2021-05-10 13:52:57,296.15,2.88192926961438,1.47842971531218,1.4034995543022
"464",2021-05-10,"13:53:41","102","mite",48.35,23,51.1,2021-05-10 13:53:41,296.15,2.88192926961438,1.47266585677295,1.40926341284143
"465",2021-05-10,"13:55:13","103","dors",25.81,22.9,51.5,2021-05-10 13:55:13,296.05,2.864177819381,1.47505157698121,1.38912624239978
"466",2021-05-10,"13:56:01","103","vent",39.38,22.9,51.5,2021-05-10 13:56:01,296.05,2.864177819381,1.47505157698121,1.38912624239978
"467",2021-05-10,"13:57:15","103","head",33.06,22.9,51.1,2021-05-10 13:57:15,296.05,2.864177819381,1.46359486570369,1.40058295367731
"468",2021-05-10,"13:58:00","103","dewl",43.13,23.1,50.9,2021-05-10 13:58:00,296.25,2.89977864320875,1.47598732939325,1.4237913138155
"469",2021-05-10,"14:00:18","103","mite",26.08,23,51,2021-05-10 14:00:18,296.15,2.88192926961438,1.46978392750333,1.41214534211105
"470",2021-05-10,"14:03:06","104","dors",24.41,23,51.1,2021-05-10 14:03:06,296.15,2.88192926961438,1.47266585677295,1.40926341284143
"471",2021-05-10,"14:05:29","104","vent",21.33,23,50.8,2021-05-10 14:05:29,296.15,2.88192926961438,1.4640200689641,1.41790920065027
"472",2021-05-10,"14:06:43","104","head",29.5,23,50.9,2021-05-10 14:06:43,296.15,2.88192926961438,1.46690199823372,1.41502727138066
"473",2021-05-10,"14:07:30","104","dewl",45.07,23.1,50.7,2021-05-10 14:07:30,296.25,2.89977864320875,1.47018777210684,1.42959087110191
"474",2021-05-10,"14:09:15","104","mite",19.78,23.2,50.6,2021-05-10 14:09:15,296.35,2.91772640960958,1.47636956326245,1.44135684634713
"475",2021-05-10,"14:10:56","105","dors",30.21,23.2,50.5,2021-05-10 14:10:56,296.35,2.91772640960958,1.47345183685284,1.44427457275674
"476",2021-05-10,"14:12:15","105","vent",33.52,23.2,50.4,2021-05-10 14:12:15,296.35,2.91772640960958,1.47053411044323,1.44719229916635
"477",2021-05-10,"14:13:29","105","head",33.23,23.1,50.6,2021-05-10 14:13:29,296.25,2.89977864320875,1.46728799346363,1.43249064974512
"478",2021-05-10,"14:15:27","105","dewl",33.55,23.1,50.4,2021-05-10 14:15:27,296.25,2.89977864320875,1.46148843617721,1.43829020703154
"479",2021-05-10,"14:18:57","105","mite",28.48,23.2,50.3,2021-05-10 14:18:57,296.35,2.91772640960958,1.46761638403362,1.45011002557596
"480",2021-05-10,"14:21:32","106","dors",25.28,23.3,50.1,2021-05-10 14:21:32,296.45,2.93577304014581,1.47082229311305,1.46495074703276
"481",2021-05-10,"14:22:48","106","vent",42.86,23.5,49.9,2021-05-10 14:22:48,296.65,2.97216478839271,1.48311022940796,1.48905455898475
"482",2021-05-10,"14:24:17","106","head",28.21,23.4,49.7,2021-05-10 14:24:17,296.55,2.95391900803567,1.46809774699373,1.48582126104194
"483",2021-05-10,"14:25:03","106","dewl",46.47,23.4,49.8,2021-05-10 14:25:03,296.55,2.95391900803567,1.47105166600176,1.4828673420339
"484",2021-05-10,"14:29:24","106","mite",32.98,23.3,50.1,2021-05-10 14:29:24,296.45,2.93577304014581,1.47082229311305,1.46495074703276
"485",2021-05-10,"14:32:38","107","dors",36.27,23.4,50.1,2021-05-10 14:32:38,296.55,2.95391900803567,1.47991342302587,1.4740055850098
"486",2021-05-10,"14:33:26","107","vent",54.3,23.5,49.9,2021-05-10 14:33:26,296.65,2.97216478839271,1.48311022940796,1.48905455898475
"487",2021-05-10,"14:35:14","107","head",37.43,23.4,49.8,2021-05-10 14:35:14,296.55,2.95391900803567,1.47105166600176,1.4828673420339
"488",2021-05-10,"14:39:37","107","dewl",42.58,23.5,49.6,2021-05-10 14:39:37,296.65,2.97216478839271,1.47419373504279,1.49797105334993
"489",2021-05-10,"14:42:11","107","mite",36.07,23.6,49.4,2021-05-10 14:42:11,296.75,2.99051085823165,1.47731236396644,1.51319849426522
"490",2021-05-10,"14:46:39","108","dors",27.95,23.4,50.3,2021-05-10 14:46:39,296.55,2.95391900803567,1.48582126104194,1.46809774699373
"491",2021-05-10,"14:47:27","108","vent",39.73,23.6,49.7,2021-05-10 14:47:27,296.75,2.99051085823165,1.48628389654113,1.50422696169052
"492",2021-05-10,"14:48:12","108","head",38.32,23.6,49.5,2021-05-10 14:48:12,296.75,2.99051085823165,1.48030287482467,1.51020798340699
"493",2021-05-10,"14:52:10","108","dewl",27.43,23.7,49.3,2021-05-10 14:52:10,296.85,3.00895769647433,1.48341614436184,1.52554155211248
"494",2021-05-10,"14:53:55","108","mite",30.81,23.7,49.2,2021-05-10 14:53:55,296.85,3.00895769647433,1.48040718666537,1.52855050980896
"495",2021-05-10,"14:57:17","109","dors",30.92,23.7,49.5,2021-05-10 14:57:17,296.85,3.00895769647433,1.48943405975479,1.51952363671953
"496",2021-05-10,"14:58:12","109","vent",52.12,23.6,49.5,2021-05-10 14:58:12,296.75,2.99051085823165,1.48030287482467,1.51020798340699
"497",2021-05-10,"15:03:19","109","head",31.865,23.7,49.5,2021-05-10 15:03:19,296.85,3.00895769647433,1.48943405975479,1.51952363671953
"498",2021-05-10,"15:06:21","109","dewl",25.89,23.7,49.4,2021-05-10 15:06:21,296.85,3.00895769647433,1.48642510205832,1.52253259441601
"499",2021-05-10,"15:07:06","109","mite",53.49,23.7,49.4,2021-05-10 15:07:06,296.85,3.00895769647433,1.48642510205832,1.52253259441601
"500",2021-05-10,"15:09:11","110","dors",22.64,23.6,49.4,2021-05-10 15:09:11,296.75,2.99051085823165,1.47731236396644,1.51319849426522
"501",2021-05-10,"15:13:15","110","vent",23.24,23.6,49.7,2021-05-10 15:13:15,296.75,2.99051085823165,1.48628389654113,1.50422696169052
"502",2021-05-10,"15:14:03","110","head",38.24,23.7,49.5,2021-05-10 15:14:03,296.85,3.00895769647433,1.48943405975479,1.51952363671953
"503",2021-05-10,"15:16:32","110","dewl",18.21,23.7,49.3,2021-05-10 15:16:32,296.85,3.00895769647433,1.48341614436184,1.52554155211248
"504",2021-05-10,"15:17:39","110","mite",39.66,23.7,49.2,2021-05-10 15:17:39,296.85,3.00895769647433,1.48040718666537,1.52855050980896
"505",2021-05-10,"15:19:43","111","dors",28.99,23.6,49.6,2021-05-10 15:19:43,296.75,2.99051085823165,1.4832933856829,1.50721747254875
"506",2021-05-10,"15:20:27","111","vent",42.69,23.6,49.5,2021-05-10 15:20:27,296.75,2.99051085823165,1.48030287482467,1.51020798340699
"507",2021-05-10,"15:21:38","111","head",30.38,23.6,49.6,2021-05-10 15:21:38,296.75,2.99051085823165,1.4832933856829,1.50721747254875
"508",2021-05-10,"15:22:24","111","dewl",40.03,23.7,49.3,2021-05-10 15:22:24,296.85,3.00895769647433,1.48341614436184,1.52554155211248
"509",2021-05-10,"15:23:49","111","mite",28.98,23.6,49.5,2021-05-10 15:23:49,296.75,2.99051085823165,1.48030287482467,1.51020798340699
"510",2021-05-10,"15:25:18","112","dors",28,23.6,49.7,2021-05-10 15:25:18,296.75,2.99051085823165,1.48628389654113,1.50422696169052
"511",2021-05-10,"15:29:43","112","vent",23.26,23.6,49.7,2021-05-10 15:29:43,296.75,2.99051085823165,1.48628389654113,1.50422696169052
"512",2021-05-10,"15:31:44","112","head",26.05,23.8,49,2021-05-10 15:31:44,296.95,3.02750578395568,1.48347783413828,1.5440279498174
"513",2021-05-10,"15:34:06","112","dewl",16.2,23.7,49.2,2021-05-10 15:34:06,296.85,3.00895769647433,1.48040718666537,1.52855050980896
"514",2021-05-10,"15:36:06","112","mite",17.19,23.7,49.3,2021-05-10 15:36:06,296.85,3.00895769647433,1.48341614436184,1.52554155211248
"515",2021-05-10,"15:37:42","115","dors",22.43,23.6,49.7,2021-05-10 15:37:42,296.75,2.99051085823165,1.48628389654113,1.50422696169052
"516",2021-05-10,"15:40:17","115","vent",20.63,23.7,49.2,2021-05-10 15:40:17,296.85,3.00895769647433,1.48040718666537,1.52855050980896
"517",2021-05-10,"15:41:33","115","head",24.92,23.8,49,2021-05-10 15:41:33,296.95,3.02750578395568,1.48347783413828,1.5440279498174
"518",2021-05-10,"15:43:41","115","dewl",16.29,23.6,49.7,2021-05-10 15:43:41,296.75,2.99051085823165,1.48628389654113,1.50422696169052
"519",2021-05-10,"15:49:48","115","mite",22.01,23.8,49.3,2021-05-10 15:49:48,296.95,3.02750578395568,1.49256035149015,1.53494543246553
"520",2021-05-10,"15:52:36","116","dors",20.16,23.7,49.7,2021-05-10 15:52:36,296.85,3.00895769647433,1.49545197514774,1.51350572132659
"521",2021-05-10,"15:57:00","116","vent",21.16,23.7,49.3,2021-05-10 15:57:00,296.85,3.00895769647433,1.48341614436184,1.52554155211248
"522",2021-05-10,"15:57:43","116","head",38.83,23.7,49.3,2021-05-10 15:57:43,296.85,3.00895769647433,1.48341614436184,1.52554155211248
"523",2021-05-10,"15:59:44","116","dewl",17.92,23.6,49.5,2021-05-10 15:59:44,296.75,2.99051085823165,1.48030287482467,1.51020798340699
"524",2021-05-10,"16:01:40","116","mite",17.03,23.7,49.4,2021-05-10 16:01:40,296.85,3.00895769647433,1.48642510205832,1.52253259441601
"525",2021-05-10,"16:04:41","119","dors",18.31,23.8,49.4,2021-05-10 16:04:41,296.95,3.02750578395568,1.49558785727411,1.53191792668157
"526",2021-05-10,"16:05:25","119","vent",38.46,23.8,49.1,2021-05-10 16:05:25,296.95,3.02750578395568,1.48650533992224,1.54100044403344
"527",2021-05-10,"16:07:04","119","head",23.84,23.6,49.5,2021-05-10 16:07:04,296.75,2.99051085823165,1.48030287482467,1.51020798340699
"528",2021-05-10,"16:12:02","119","dewl",13.7,23.6,49.3,2021-05-10 16:12:02,296.75,2.99051085823165,1.47432185310821,1.51618900512345
"529",2021-05-10,"16:14:24","119","mite",14.38,23.6,49.1,2021-05-10 16:14:24,296.75,2.99051085823165,1.46834083139174,1.52217002683991
"530",2021-05-10,"16:17:13","113","dors",18.71,23.5,49.5,2021-05-10 16:17:13,296.65,2.97216478839271,1.47122157025439,1.50094321813832
"531",2021-05-10,"16:18:02","113","vent",39.72,23.5,49.5,2021-05-10 16:18:02,296.65,2.97216478839271,1.47122157025439,1.50094321813832
"532",2021-05-10,"16:19:24","113","head",22.89,23.6,49.2,2021-05-10 16:19:24,296.75,2.99051085823165,1.47133134224997,1.51917951598168
"533",2021-05-10,"16:21:31","113","dewl",17.22,23.4,49.5,2021-05-10 16:21:31,296.55,2.95391900803567,1.46218990897766,1.49172909905801
"534",2021-05-10,"16:23:38","113","mite",11.48,23.4,49.6,2021-05-10 16:23:38,296.55,2.95391900803567,1.46514382798569,1.48877518004998
"535",2021-05-10,"16:27:23","114","dors",20.17,23.5,49.6,2021-05-10 16:27:23,296.65,2.97216478839271,1.47419373504279,1.49797105334993
"536",2021-05-10,"16:29:49","114","vent",21.95,23.6,49.2,2021-05-10 16:29:49,296.75,2.99051085823165,1.47133134224997,1.51917951598168
"537",2021-05-10,"16:30:53","114","head",22.65,23.7,49,2021-05-10 16:30:53,296.85,3.00895769647433,1.47438927127242,1.53456842520191
"538",2021-05-10,"16:33:18","114","dewl",13.37,23.7,49,2021-05-10 16:33:18,296.85,3.00895769647433,1.47438927127242,1.53456842520191
"539",2021-05-10,"16:35:31","114","mite",14.62,23.6,49.1,2021-05-10 16:35:31,296.75,2.99051085823165,1.46834083139174,1.52217002683991
"540",2021-05-10,"16:38:19","117","dors",20.98,23.5,49.4,2021-05-10 16:38:19,296.65,2.97216478839271,1.468249405466,1.50391538292671
"541",2021-05-10,"16:39:06","117","vent",35.13,23.7,49,2021-05-10 16:39:06,296.85,3.00895769647433,1.47438927127242,1.53456842520191
"542",2021-05-10,"16:40:11","117","head",23.98,23.5,49.3,2021-05-10 16:40:11,296.65,2.97216478839271,1.46527724067761,1.50688754771511
"543",2021-05-10,"16:42:34","117","dewl",17.83,23.5,49.5,2021-05-10 16:42:34,296.65,2.97216478839271,1.47122157025439,1.50094321813832
"544",2021-05-10,"16:45:00","117","mite",11.68,23.6,49.2,2021-05-10 16:45:00,296.75,2.99051085823165,1.47133134224997,1.51917951598168
"545",2021-05-10,"16:47:14","118","dors",17.1,23.6,48.9,2021-05-10 16:47:14,296.75,2.99051085823165,1.46235980967528,1.52815104855638
"546",2021-05-10,"16:47:57","118","vent",38.4,23.6,48.9,2021-05-10 16:47:57,296.75,2.99051085823165,1.46235980967528,1.52815104855638
"547",2021-05-10,"16:49:35","118","head",17.51,23.6,48.9,2021-05-10 16:49:35,296.75,2.99051085823165,1.46235980967528,1.52815104855638
"548",2021-05-10,"16:51:33","118","dewl",18,23.6,48.9,2021-05-10 16:51:33,296.75,2.99051085823165,1.46235980967528,1.52815104855638
"549",2021-05-10,"16:53:40","118","mite",14.32,23.5,49,2021-05-10 16:53:40,296.65,2.97216478839271,1.45636074631243,1.51580404208028
"550",2021-05-10,"16:56:33","122","dors",16.75,23.5,49.1,2021-05-10 16:56:33,296.65,2.97216478839271,1.45933291110082,1.51283187729189
"551",2021-05-10,"16:58:31","122","vent",18.82,23.6,49,2021-05-10 16:58:31,296.75,2.99051085823165,1.46535032053351,1.52516053769814
"552",2021-05-10,"16:59:58","122","head",20.54,23.5,49.3,2021-05-10 16:59:58,296.65,2.97216478839271,1.46527724067761,1.50688754771511
"553",2021-05-10,"17:02:12","122","dewl",17.9,23.7,49,2021-05-10 17:02:12,296.85,3.00895769647433,1.47438927127242,1.53456842520191
"554",2021-05-10,"17:04:03","122","mite",15.64,23.6,49.1,2021-05-10 17:04:03,296.75,2.99051085823165,1.46834083139174,1.52217002683991
"555",2021-05-10,"17:05:54","120","dors",18.1,23.5,49.1,2021-05-10 17:05:54,296.65,2.97216478839271,1.45933291110082,1.51283187729189
"556",2021-05-10,"17:08:35","120","vent",10.89,23.5,49.1,2021-05-10 17:08:35,296.65,2.97216478839271,1.45933291110082,1.51283187729189
"557",2021-05-10,"17:09:44","120","head",17.25,23.5,49.1,2021-05-10 17:09:44,296.65,2.97216478839271,1.45933291110082,1.51283187729189
"558",2021-05-10,"17:11:14","120","dewl",16.56,23.6,48.9,2021-05-10 17:11:14,296.75,2.99051085823165,1.46235980967528,1.52815104855638
"559",2021-05-10,"17:13:18","120","mite",10.9,23.5,49.1,2021-05-10 17:13:18,296.65,2.97216478839271,1.45933291110082,1.51283187729189
"560",2021-05-17,"12:35:57","123","dors",30.91,23.4,46.8,2021-05-17 12:35:57,296.55,2.95391900803567,1.38243409576069,1.57148491227497
"561",2021-05-17,"12:36:53","123","vent",38.66,23.3,46.9,2021-05-17 12:36:53,296.45,2.93577304014581,1.37687755582839,1.55889548431743
"562",2021-05-17,"12:37:53","123","head",30.71,23.4,46.7,2021-05-17 12:37:53,296.55,2.95391900803567,1.37948017675266,1.57443883128301
"563",2021-05-17,"12:41:55","123","dewl",17.92,23.4,46.9,2021-05-17 12:41:55,296.55,2.95391900803567,1.38538801476873,1.56853099326694
"564",2021-05-17,"12:46:14","123","mite",16.73,23.5,46.5,2021-05-17 12:46:14,296.65,2.97216478839271,1.38205662660261,1.5901081617901
"565",2021-05-17,"12:48:44","124","dors",25.63,23.6,46.6,2021-05-17 12:48:44,296.75,2.99051085823165,1.39357805993595,1.5969327982957
"566",2021-05-17,"12:49:29","124","vent",45.09,23.6,46.4,2021-05-17 12:49:29,296.75,2.99051085823165,1.38759703821949,1.60291382001217
"567",2021-05-17,"12:50:24","124","head",20.97,23.6,46.2,2021-05-17 12:50:24,296.75,2.99051085823165,1.38161601650302,1.60889484172863
"568",2021-05-17,"12:51:07","124","dewl",38.23,23.6,46.3,2021-05-17 12:51:07,296.75,2.99051085823165,1.38460652736126,1.6059043308704
"569",2021-05-17,"12:53:22","124","mite",18.74,23.6,46.3,2021-05-17 12:53:22,296.75,2.99051085823165,1.38460652736126,1.6059043308704
"570",2021-05-17,"13:04:49","125","dors",25.72,23.7,46.5,2021-05-17 13:04:49,296.85,3.00895769647433,1.39916532886056,1.60979236761376
"571",2021-05-17,"13:12:48","125","vent",19.25,24,45.9,2021-05-17 13:12:48,297.15,3.06490763957534,1.40679260656508,1.65811503301026
"572",2021-05-17,"13:18:20","125","head",22.52,23.8,46.3,2021-05-17 13:18:20,296.95,3.02750578395568,1.40173517797148,1.6257706059842
"573",2021-05-17,"13:20:22","125","dewl",13.03,23.8,46,2021-05-17 13:20:22,296.95,3.02750578395568,1.39265266061961,1.63485312333607
"574",2021-05-17,"13:22:22","125","mite",9.99,23.9,45.9,2021-05-17 13:22:22,297.05,3.04615560342968,1.39818542197423,1.64797018145546
"575",2021-05-17,"13:24:32","126","dors",15.19,23.9,45.8,2021-05-17 13:24:32,297.05,3.04615560342968,1.3951392663708,1.65101633705889
"576",2021-05-17,"13:31:36","126","vent",10.68,24,45.7,2021-05-17 13:31:36,297.15,3.06490763957534,1.40066279128593,1.66424484828941
"577",2021-05-17,"13:32:23","126","head",33.67,23.8,45.9,2021-05-17 13:32:23,296.95,3.02750578395568,1.38962515483566,1.63788062912002
"578",2021-05-17,"13:33:39","126","dewl",14.22,24,45.8,2021-05-17 13:33:39,297.15,3.06490763957534,1.4037276989255,1.66117994064983
"579",2021-05-17,"13:35:36","126","mite",10.62,24.1,45.5,2021-05-17 13:35:36,297.25,3.08376237900265,1.4031118824462,1.68065049655644
"580",2021-05-17,"13:38:57","127","dors",29.87,24,45.8,2021-05-17 13:38:57,297.15,3.06490763957534,1.4037276989255,1.66117994064983
"581",2021-05-17,"13:39:42","127","vent",51.46,24.1,45.6,2021-05-17 13:39:42,297.25,3.08376237900265,1.40619564482521,1.67756673417744
"582",2021-05-17,"13:40:47","127","head",26.46,24,45.7,2021-05-17 13:40:47,297.15,3.06490763957534,1.40066279128593,1.66424484828941
"583",2021-05-17,"13:43:07","127","dewl",12.92,24.1,45.5,2021-05-17 13:43:07,297.25,3.08376237900265,1.4031118824462,1.68065049655644
"584",2021-05-17,"13:45:11","127","mite",15.07,24,45.7,2021-05-17 13:45:11,297.15,3.06490763957534,1.40066279128593,1.66424484828941
"585",2021-05-17,"13:50:02","128","dors",19.44,24.1,45.4,2021-05-17 13:50:02,297.25,3.08376237900265,1.4000281200672,1.68373425893545
"586",2021-05-17,"13:50:44","128","vent",37.91,24,45.5,2021-05-17 13:50:44,297.15,3.06490763957534,1.39453297600678,1.67037466356856
"587",2021-05-17,"13:51:47","128","head",18.01,23.9,45.8,2021-05-17 13:51:47,297.05,3.04615560342968,1.3951392663708,1.65101633705889
"588",2021-05-17,"13:54:27","128","dewl",9.35,24.1,45.4,2021-05-17 13:54:27,297.25,3.08376237900265,1.4000281200672,1.68373425893545
"589",2021-05-17,"13:56:55","128","mite",13.15,24.1,45.4,2021-05-17 13:56:55,297.25,3.08376237900265,1.4000281200672,1.68373425893545
"590",2021-05-17,"13:59:47","129","dors",14.31,24.1,45.8,2021-05-17 13:59:47,297.25,3.08376237900265,1.41236316958321,1.67139920941943
"591",2021-05-17,"14:01:54","129","vent",18.08,24.1,45.3,2021-05-17 14:01:54,297.25,3.08376237900265,1.3969443576882,1.68681802131445
"592",2021-05-17,"14:02:38","129","head",21.73,24,45.5,2021-05-17 14:02:38,297.15,3.06490763957534,1.39453297600678,1.67037466356856
"593",2021-05-17,"14:03:49","129","dewl",16.28,23.9,45.7,2021-05-17 14:03:49,297.05,3.04615560342968,1.39209311076737,1.65406249266232
"594",2021-05-17,"14:05:50","129","mite",17.2,24.1,45.4,2021-05-17 14:05:50,297.25,3.08376237900265,1.4000281200672,1.68373425893545
"595",2021-05-17,"14:07:27","130","dors",20.45,24.1,45.6,2021-05-17 14:07:27,297.25,3.08376237900265,1.40619564482521,1.67756673417744
"596",2021-05-17,"14:10:00","130","vent",22.3,23.9,45.6,2021-05-17 14:10:00,297.05,3.04615560342968,1.38904695516394,1.65710864826575
"597",2021-05-17,"14:10:45","130","head",27.98,24,45.8,2021-05-17 14:10:45,297.15,3.06490763957534,1.4037276989255,1.66117994064983
"598",2021-05-17,"14:15:02","130","dewl",25.1,24.1,45.5,2021-05-17 14:15:02,297.25,3.08376237900265,1.4031118824462,1.68065049655644
"599",2021-05-17,"14:16:18","130","mite",49.51,24,45.8,2021-05-17 14:16:18,297.15,3.06490763957534,1.4037276989255,1.66117994064983
"600",2021-05-17,"14:19:55","131","dors",26.49,24.1,45.4,2021-05-17 14:19:55,297.25,3.08376237900265,1.4000281200672,1.68373425893545
"601",2021-05-17,"14:21:58","131","vent",27.86,24,45.6,2021-05-17 14:21:58,297.15,3.06490763957534,1.39759788364635,1.66730975592898
"602",2021-05-17,"14:23:01","131","head",21.73,24.1,45.3,2021-05-17 14:23:01,297.25,3.08376237900265,1.3969443576882,1.68681802131445
"603",2021-05-17,"14:25:26","131","dewl",15.78,24.1,45.2,2021-05-17 14:25:26,297.25,3.08376237900265,1.3938605953092,1.68990178369345
"604",2021-05-17,"14:27:21","131","mite",22.32,24.1,45.1,2021-05-17 14:27:21,297.25,3.08376237900265,1.39077683293019,1.69298554607245
"605",2021-05-17,"14:28:54","132","dors",28.04,24,45.5,2021-05-17 14:28:54,297.15,3.06490763957534,1.39453297600678,1.67037466356856
"606",2021-05-17,"14:29:43","132","vent",32.54,24.2,45.2,2021-05-17 14:29:43,297.35,3.1027203102586,1.40242958023689,1.70029073002171
"607",2021-05-17,"14:30:40","132","head",29.19,24.1,45.3,2021-05-17 14:30:40,297.25,3.08376237900265,1.3969443576882,1.68681802131445
"608",2021-05-17,"14:33:20","132","dewl",18.57,24.2,45.1,2021-05-17 14:33:20,297.35,3.1027203102586,1.39932685992663,1.70339345033197
"609",2021-05-17,"14:35:39","132","mite",23.15,24.2,45.1,2021-05-17 14:35:39,297.35,3.1027203102586,1.39932685992663,1.70339345033197
"610",2021-05-17,"14:37:44","133","dors",21.47,24.1,45.3,2021-05-17 14:37:44,297.25,3.08376237900265,1.3969443576882,1.68681802131445
"611",2021-05-17,"14:38:32","133","vent",31,24.1,45.4,2021-05-17 14:38:32,297.25,3.08376237900265,1.4000281200672,1.68373425893545
"612",2021-05-17,"14:41:19","133","mite",17.84,24.2,45.1,2021-05-17 14:41:19,297.35,3.1027203102586,1.39932685992663,1.70339345033197
"613",2021-05-17,"14:42:40","133","head",33.46,24.2,45.1,2021-05-17 14:42:40,297.35,3.1027203102586,1.39932685992663,1.70339345033197
"614",2021-05-17,"14:44:30","133","dewl",16.02,24.2,45.1,2021-05-17 14:44:30,297.35,3.1027203102586,1.39932685992663,1.70339345033197
"615",2021-05-17,"14:46:10","134","dors",22.9,24.1,45.4,2021-05-17 14:46:10,297.25,3.08376237900265,1.4000281200672,1.68373425893545
"616",2021-05-17,"14:47:59","134","vent",23.83,24.1,45.2,2021-05-17 14:47:59,297.25,3.08376237900265,1.3938605953092,1.68990178369345
"617",2021-05-17,"14:49:28","134","head",23.8,24.2,45.1,2021-05-17 14:49:28,297.35,3.1027203102586,1.39932685992663,1.70339345033197
"618",2021-05-17,"14:51:19","134","dewl",15.16,24.2,45.1,2021-05-17 14:51:19,297.35,3.1027203102586,1.39932685992663,1.70339345033197
"619",2021-05-17,"14:53:11","134","mite",10.07,24.2,45,2021-05-17 14:53:11,297.35,3.1027203102586,1.39622413961637,1.70649617064223
"620",2021-05-17,"15:02:09","135","dors",22.79,24.1,45.8,2021-05-17 15:02:09,297.25,3.08376237900265,1.41236316958321,1.67139920941943
"621",2021-05-17,"15:02:53","135","vent",29.86,24.2,45.5,2021-05-17 15:02:53,297.35,3.1027203102586,1.41173774116766,1.69098256909093
"622",2021-05-17,"15:03:36","135","head",32.7,24.2,45.4,2021-05-17 15:03:36,297.35,3.1027203102586,1.4086350208574,1.69408528940119
"623",2021-05-17,"15:05:38","135","dewl",14.88,24.1,45.6,2021-05-17 15:05:38,297.25,3.08376237900265,1.40619564482521,1.67756673417744
"624",2021-05-17,"15:07:41","135","mite",21.14,24.2,45.3,2021-05-17 15:07:41,297.35,3.1027203102586,1.40553230054714,1.69718800971145
"625",2021-05-17,"15:10:23","136","dors",16.22,24.1,45.6,2021-05-17 15:10:23,297.25,3.08376237900265,1.40619564482521,1.67756673417744
"626",2021-05-17,"15:12:36","136","vent",18.38,24.2,45.3,2021-05-17 15:12:36,297.35,3.1027203102586,1.40553230054714,1.69718800971145
"627",2021-05-17,"15:13:48","136","head",23.89,24.3,45.2,2021-05-17 15:13:48,297.45,3.12178192383325,1.41104542957263,1.71073649426062
"628",2021-05-17,"15:16:21","136","dewl",19.22,24.2,45.6,2021-05-17 15:16:21,297.35,3.1027203102586,1.41484046147792,1.68787984878068
"629",2021-05-17,"15:18:39","136","mite",17.18,24.2,45.6,2021-05-17 15:18:39,297.35,3.1027203102586,1.41484046147792,1.68787984878068
"630",2021-05-17,"15:21:40","137","dors",25.43,24.1,46,2021-05-17 15:21:40,297.25,3.08376237900265,1.41853069434122,1.66523168466143
"631",2021-05-17,"15:24:00","137","vent",20.02,24.1,45.6,2021-05-17 15:24:00,297.25,3.08376237900265,1.40619564482521,1.67756673417744
"632",2021-05-17,"15:25:05","137","head",22.81,24.2,45.4,2021-05-17 15:25:05,297.35,3.1027203102586,1.4086350208574,1.69408528940119
"633",2021-05-17,"15:27:26","137","dewl",18.17,24.1,45.7,2021-05-17 15:27:26,297.25,3.08376237900265,1.40927940720421,1.67448297179844
"634",2021-05-17,"15:29:53","137","mite",19.41,24.1,45.6,2021-05-17 15:29:53,297.25,3.08376237900265,1.40619564482521,1.67756673417744
"635",2021-05-17,"15:32:54","138","dors",19.64,24.3,45.3,2021-05-17 15:32:54,297.45,3.12178192383325,1.41416721149646,1.70761471233679
"636",2021-05-17,"15:35:22","138","vent",24.41,24.2,45.3,2021-05-17 15:35:22,297.35,3.1027203102586,1.40553230054714,1.69718800971145
"637",2021-05-17,"15:36:38","138","head",17.55,24.1,45.2,2021-05-17 15:36:38,297.25,3.08376237900265,1.3938605953092,1.68990178369345
"638",2021-05-17,"15:39:12","138","dewl",11.57,24,45.6,2021-05-17 15:39:12,297.15,3.06490763957534,1.39759788364635,1.66730975592898
"639",2021-05-17,"15:40:59","138","mite",10.07,23.9,45.7,2021-05-17 15:40:59,297.05,3.04615560342968,1.39209311076737,1.65406249266232
"640",2021-05-17,"15:44:01","139","dors",22.44,23.9,45.9,2021-05-17 15:44:01,297.05,3.04615560342968,1.39818542197423,1.64797018145546
"641",2021-05-17,"15:46:20","139","vent",18.76,23.9,45.7,2021-05-17 15:46:20,297.05,3.04615560342968,1.39209311076737,1.65406249266232
"642",2021-05-17,"15:47:44","139","head",19.73,24,45.3,2021-05-17 15:47:44,297.15,3.06490763957534,1.38840316072763,1.67650447884771
"643",2021-05-17,"15:49:28","139","dewl",16.22,23.9,45.2,2021-05-17 15:49:28,297.05,3.04615560342968,1.37686233275022,1.66929327067947
"644",2021-05-17,"15:51:26","139","mite",20.47,23.8,45.5,2021-05-17 15:51:26,296.95,3.02750578395568,1.37751513169983,1.64999065225585
"645",2021-05-17,"15:53:12","140","dors",24.24,23.8,45.7,2021-05-17 15:53:12,296.95,3.02750578395568,1.38357014326775,1.64393564068793
"646",2021-05-17,"15:54:47","140","vent",22.91,23.7,45.7,2021-05-17 15:54:47,296.85,3.00895769647433,1.37509366728877,1.63386402918556
"647",2021-05-17,"15:55:44","140","head",22.06,23.7,45.8,2021-05-17 15:55:44,296.85,3.00895769647433,1.37810262498524,1.63085507148908
"648",2021-05-17,"15:57:03","140","dewl",24.48,23.9,45.2,2021-05-17 15:57:03,297.05,3.04615560342968,1.37686233275022,1.66929327067947
"649",2021-05-17,"15:59:24","140","mite",20.82,23.7,45.6,2021-05-17 15:59:24,296.85,3.00895769647433,1.37208470959229,1.63687298688203
"650",2021-05-17,"16:02:30","141","dors",16.96,23.5,45.9,2021-05-17 16:02:30,296.65,2.97216478839271,1.36422363787226,1.60794115052046
"651",2021-05-17,"16:04:11","141","vent",18.29,23.8,45.4,2021-05-17 16:04:11,296.95,3.02750578395568,1.37448762591588,1.6530181580398
"652",2021-05-17,"16:04:56","141","head",24.36,23.8,45.4,2021-05-17 16:04:56,296.95,3.02750578395568,1.37448762591588,1.6530181580398
"653",2021-05-17,"16:07:17","141","dewl",12.68,23.5,46,2021-05-17 16:07:17,296.65,2.97216478839271,1.36719580266065,1.60496898573207
"654",2021-05-17,"16:08:43","141","mite",17.37,23.8,45.6,2021-05-17 16:08:43,296.95,3.02750578395568,1.38054263748379,1.64696314647189
"655",2021-05-17,"16:10:17","142","dors",18.4,23.6,45.8,2021-05-17 16:10:17,296.75,2.99051085823165,1.3696539730701,1.62085688516156
"656",2021-05-17,"16:11:46","142","vent",18.36,23.6,45.5,2021-05-17 16:11:46,296.75,2.99051085823165,1.3606824404954,1.62982841773625
"657",2021-05-17,"16:12:55","142","head",18.22,23.6,45.7,2021-05-17 16:12:55,296.75,2.99051085823165,1.36666346221187,1.62384739601979
"658",2021-05-17,"16:16:04","142","dewl",10.11,23.4,45.8,2021-05-17 16:16:04,296.55,2.95391900803567,1.35289490568034,1.60102410235533
"659",2021-05-17,"16:17:13","142","mite",14.26,23.5,45.9,2021-05-17 16:17:13,296.65,2.97216478839271,1.36422363787226,1.60794115052046
"660",2021-05-17,"16:22:11","143","dors",19.64,23.6,45.4,2021-05-17 16:22:11,296.75,2.99051085823165,1.35769192963717,1.63281892859448
"661",2021-05-17,"16:23:58","143","vent",20.17,23.2,46.1,2021-05-17 16:23:58,296.35,2.91772640960958,1.34507187483002,1.57265453477957
"662",2021-05-17,"16:25:46","143","head",17.12,23.4,45.9,2021-05-17 16:25:46,296.55,2.95391900803567,1.35584882468837,1.5980701833473
"663",2021-05-17,"16:27:10","143","dewl",21.93,23.5,45.7,2021-05-17 16:27:10,296.65,2.97216478839271,1.35827930829547,1.61388548009724
"664",2021-05-17,"16:29:17","143","mite",12.74,23.3,46.3,2021-05-17 16:29:17,296.45,2.93577304014581,1.35926291758751,1.5765101225583
"665",2021-05-17,"16:31:00","144","dors",22.74,23.2,46.3,2021-05-17 16:31:00,296.35,2.91772640960958,1.35090732764924,1.56681908196035
"666",2021-05-17,"16:33:37","144","vent",21.47,23.2,46.3,2021-05-17 16:33:37,296.35,2.91772640960958,1.35090732764924,1.56681908196035
"667",2021-05-17,"16:34:23","144","head",24.76,23.2,46.2,2021-05-17 16:34:23,296.35,2.91772640960958,1.34798960123963,1.56973680836996
"668",2021-05-17,"16:36:18","144","dewl",15.13,23.3,46.1,2021-05-17 16:36:18,296.45,2.93577304014581,1.35339137150722,1.58238166863859
"669",2021-05-17,"16:37:36","144","mite",21.83,23.2,46,2021-05-17 16:37:36,296.35,2.91772640960958,1.34215414842041,1.57557226118918
"670",2021-05-17,"16:39:58","145","dors",22.93,23.2,46,2021-05-17 16:39:58,296.35,2.91772640960958,1.34215414842041,1.57557226118918
"671",2021-05-17,"16:41:08","145","vent",25.16,23.1,46.2,2021-05-17 16:41:08,296.25,2.89977864320875,1.33969773316244,1.56008091004631
"672",2021-05-17,"16:41:55","145","head",21.21,23,46.5,2021-05-17 16:41:55,296.15,2.88192926961438,1.34009711037069,1.54183215924369
"673",2021-05-17,"16:43:50","145","dewl",17.74,23.4,45.9,2021-05-17 16:43:50,296.55,2.95391900803567,1.35584882468837,1.5980701833473
"674",2021-05-17,"16:45:28","145","mite",21.1,23.3,45.9,2021-05-17 16:45:28,296.45,2.93577304014581,1.34751982542693,1.58825321471888
"675",2021-05-17,"16:47:16","146","dors",20.61,23.2,46.1,2021-05-17 16:47:16,296.35,2.91772640960958,1.34507187483002,1.57265453477957
"676",2021-05-17,"16:49:40","146","vent",20.15,23,46.4,2021-05-17 16:49:40,296.15,2.88192926961438,1.33721518110107,1.54471408851331
"677",2021-05-17,"16:50:43","146","head",27.91,23.2,46.1,2021-05-17 16:50:43,296.35,2.91772640960958,1.34507187483002,1.57265453477957
"678",2021-05-17,"16:52:38","146","dewl",19.97,23.1,46.2,2021-05-17 16:52:38,296.25,2.89977864320875,1.33969773316244,1.56008091004631
"679",2021-05-17,"16:53:20","146","mite",53.23,23,46.4,2021-05-17 16:53:20,296.15,2.88192926961438,1.33721518110107,1.54471408851331
"680",2021-05-17,"16:54:55","147","dors",23.48,23.1,46.2,2021-05-17 16:54:55,296.25,2.89977864320875,1.33969773316244,1.56008091004631
"681",2021-05-17,"16:55:38","147","vent",50.96,23.1,46.1,2021-05-17 16:55:38,296.25,2.89977864320875,1.33679795451923,1.56298068868952
"682",2021-05-17,"16:56:32","147","head",28.26,23,46.3,2021-05-17 16:56:32,296.15,2.88192926961438,1.33433325183146,1.54759601778292
"683",2021-05-17,"16:57:36","147","dewl",28.81,23,46.3,2021-05-17 16:57:36,296.15,2.88192926961438,1.33433325183146,1.54759601778292
"684",2021-05-17,"16:59:14","147","mite",29.04,23.1,46.1,2021-05-17 16:59:14,296.25,2.89977864320875,1.33679795451923,1.56298068868952
"685",2021-05-17,"17:01:32","148","dors",20.94,23.1,46.1,2021-05-17 17:01:32,296.25,2.89977864320875,1.33679795451923,1.56298068868952
"686",2021-05-17,"17:02:16","148","vent",40.04,22.9,46.4,2021-05-17 17:02:16,296.05,2.864177819381,1.32897850819278,1.53519931118821
"687",2021-05-17,"17:03:24","148","head",21.99,22.8,46.9,2021-05-17 17:03:24,295.95,2.84652382494072,1.3350196738972,1.51150415104352
"688",2021-05-17,"17:05:08","148","dewl",21.17,23,46.3,2021-05-17 17:05:08,296.15,2.88192926961438,1.33433325183146,1.54759601778292
"689",2021-05-17,"17:05:48","148","mite",36.27,22.9,46.7,2021-05-17 17:05:48,296.05,2.864177819381,1.33757104165093,1.52660677773007
"690",2021-05-17,"17:07:41","149","dors",21.72,23,46.5,2021-05-17 17:07:41,296.15,2.88192926961438,1.34009711037069,1.54183215924369
"691",2021-05-17,"17:08:21","149","vent",40.51,22.9,46.5,2021-05-17 17:08:21,296.05,2.864177819381,1.33184268601216,1.53233513336883
"692",2021-05-17,"17:09:23","149","head",22.99,22.9,46.6,2021-05-17 17:09:23,296.05,2.864177819381,1.33470686383155,1.52947095554945
"693",2021-05-17,"17:11:20","149","dewl",15.57,23.1,46.3,2021-05-17 17:11:20,296.25,2.89977864320875,1.34259751180565,1.5571811314031
"694",2021-05-17,"17:13:05","149","mite",9.32,22.9,46.8,2021-05-17 17:13:05,296.05,2.864177819381,1.34043521947031,1.52374259991069
"695",2021-05-17,"17:14:35","150","dors",19.74,23,46.6,2021-05-17 17:14:35,296.15,2.88192926961438,1.3429790396403,1.53895022997408
"696",2021-05-17,"17:17:11","150","vent",23.84,22.7,47,2021-05-17 17:17:11,295.85,2.8289668205973,1.32961440568073,1.49935241491657
"697",2021-05-17,"17:18:11","150","head",18.39,22.9,46.8,2021-05-17 17:18:11,296.05,2.864177819381,1.34043521947031,1.52374259991069
"698",2021-05-17,"17:20:34","150","dewl",9.59,22.9,46.7,2021-05-17 17:20:34,296.05,2.864177819381,1.33757104165093,1.52660677773007
"699",2021-05-17,"17:22:31","150","mite",13.64,22.8,46.7,2021-05-17 17:22:31,295.95,2.84652382494072,1.32932662624732,1.5171971986934
