"","date","Time","individual_ID","region","TEWL_g_m2h","CV","SSWL_g_m2","ambient_temp_C","ambient_RH_percent","CEWL_date_time","abs_humidity_g_m3"
"1",2021-04-05,"13:24:15",1,"dors",14.86,0.45,0.062952,23.2,41.6,2021-04-05 13:24:15,8.6489608966372
"2",2021-04-05,"13:26:54",1,"vent",12.81,0.58,0.1907776,23.2,41.5,2021-04-05 13:26:54,8.62817012525105
"3",2021-04-05,"13:28:40",1,"dewl",13.17,0.56,0.0795,23.2,41.7,2021-04-05 13:28:40,8.66975166802335
"4",2021-04-05,"13:29:36",1,"head",26.68,0.27,0,23.2,41.8,2021-04-05 13:29:36,8.69054243940949
"5",2021-04-05,"13:31:03",1,"mite",11.35,0.64,0.12423,23.2,41.6,2021-04-05 13:31:03,8.6489608966372
"6",2021-04-05,"13:33:31",2,"dors",26.29,0.27,0,23.3,41.6,2021-04-05 13:33:31,8.69848279563242
"7",2021-04-05,"13:34:16",2,"vent",32.64,0.13,3.5e-05,23.2,41.6,2021-04-05 13:34:16,8.6489608966372
"8",2021-04-05,"13:36:19",2,"dewl",9.6,0.73,0.1510756,23.2,41.7,2021-04-05 13:36:19,8.66975166802335
"9",2021-04-05,"13:37:05",2,"head",26.83,0.23,1.5e-05,23.1,41.9,2021-04-05 13:37:05,8.66169984684974
"10",2021-04-05,"13:39:13",2,"mite",17.82,0.42,0.1159024,23.1,41.8,2021-04-05 13:39:13,8.64102753217945
"11",2021-04-05,"13:42:43",3,"dors",26.35,0.26,1.47e-05,23.2,41.6,2021-04-05 13:42:43,8.6489608966372
"12",2021-04-05,"13:44:19",3,"vent",20.94,0.34,0.0938,23.2,41.4,2021-04-05 13:44:19,8.60737935386491
"13",2021-04-05,"13:46:19",3,"dewl",21.75,0.34,0.1354557,23.2,41.5,2021-04-05 13:46:19,8.62817012525105
"14",2021-04-05,"13:47:26",3,"head",28.91,0.25,0.0124,23.3,41.3,2021-04-05 13:47:26,8.63575335239469
"15",2021-04-05,"13:48:17",3,"mite",37.05,0.13,0,23.3,41.3,2021-04-05 13:48:17,8.63575335239469
"16",2021-04-05,"13:51:33",4,"dors",21.52,0.29,0.139052,23.3,41.4,2021-04-05 13:51:33,8.65666316680726
"17",2021-04-05,"13:55:58",4,"vent",12.82,0.58,0.1693809,23.3,41.2,2021-04-05 13:55:58,8.61484353798211
"18",2021-04-05,"13:57:52",4,"dewl",13.33,0.55,0.2025617,23.4,41,2021-04-05 13:57:52,8.62207292410125
"19",2021-04-05,"13:58:40",4,"head",56.04,0.1,1.74e-05,23.4,41,2021-04-05 13:58:40,8.62207292410125
"20",2021-04-05,"13:59:57",4,"mite",34.17,0.2,0.0705,23.3,41.3,2021-04-05 13:59:57,8.63575335239469
"21",2021-04-05,"14:01:47",5,"dors",46.24,0.08,2.31e-05,23.4,41.1,2021-04-05 14:01:47,8.64310237025759
"22",2021-04-05,"14:04:01",5,"vent",14.64,0.5,0.2806472,23.3,41.2,2021-04-05 14:04:01,8.61484353798211
"23",2021-04-05,"14:05:17",5,"dewl",21.58,0.31,0.0537,23.2,41.2,2021-04-05 14:05:17,8.56579781109261
"24",2021-04-05,"14:06:08",5,"head",60.16,0.1,6.55e-05,23.2,41.3,2021-04-05 14:06:08,8.58658858247876
"25",2021-04-05,"14:08:41",5,"mite",15.05,0.44,0.2951735,23.2,41.3,2021-04-05 14:08:41,8.58658858247876
"26",2021-04-05,"14:12:34",6,"dors",14.91,0.47,0.1093559,23.2,41.2,2021-04-05 14:12:34,8.56579781109261
"27",2021-04-05,"14:14:27",6,"vent",19.44,0.38,0.2056886,23.1,41.4,2021-04-05 14:14:27,8.55833827349831
"28",2021-04-05,"14:16:24",6,"dewl",15.79,0.41,0.1289933,23.3,40.9,2021-04-05 14:16:24,8.55211409474438
"29",2021-04-05,"14:18:29",6,"head",22.06,0.31,0.1265189,23.1,41.3,2021-04-05 14:18:29,8.53766595882802
"30",2021-04-05,"14:20:03",6,"mite",12.54,0.55,0.1571461,23.1,41.3,2021-04-05 14:20:03,8.53766595882802
"31",2021-04-05,"14:22:49",7,"dors",19.76,0.38,0.0255,23.2,41.3,2021-04-05 14:22:49,8.58658858247876
"32",2021-04-05,"14:23:39",7,"vent",39.52,0.18,2.46e-05,23.3,41.1,2021-04-05 14:23:39,8.59393372356953
"33",2021-04-05,"14:25:57",7,"dewl",21.2,0.35,0.2193066,23.3,41.3,2021-04-05 14:25:57,8.63575335239469
"34",2021-04-05,"14:26:39",7,"head",32.21,0.04,2.37e-05,23.4,41.4,2021-04-05 14:26:39,8.70619070872663
"35",2021-04-05,"14:29:09",7,"mite",21.15,0.32,0.2125164,23.2,41.7,2021-04-05 14:29:09,8.66975166802335
"36",2021-04-05,"14:32:21",8,"dors",16.12,0.44,0.072,23.2,41.8,2021-04-05 14:32:21,8.69054243940949
"37",2021-04-05,"14:33:39",8,"vent",18.07,0.34,0.0382,23.2,42,2021-04-05 14:33:39,8.73212398218179
"38",2021-04-05,"14:36:06",8,"dewl",8.66,0.76,0.289077,23.2,41.9,2021-04-05 14:36:06,8.71133321079564
"39",2021-04-05,"14:36:53",8,"head",35.43,0.14,1.11e-05,23.3,41.8,2021-04-05 14:36:53,8.74030242445758
"40",2021-04-05,"14:47:08",9,"dors",13.75,0.54,0.0828,23.2,41.7,2021-04-05 14:47:08,8.66975166802335
"41",2021-04-05,"14:49:09",9,"vent",11.94,0.57,0.2459683,23.2,41.5,2021-04-05 14:49:09,8.62817012525105
"42",2021-04-05,"14:51:00",9,"dewl",8.14,0.91,0.1640376,23.3,41.3,2021-04-05 14:51:00,8.63575335239469
"43",2021-04-05,"14:51:49",9,"head",42.42,0.1,0,23.2,41.5,2021-04-05 14:51:49,8.62817012525105
"44",2021-04-05,"14:52:57",9,"mite",19.07,0.35,0.0597,23.3,41.4,2021-04-05 14:52:57,8.65666316680726
"45",2021-04-05,"14:55:39",10,"dors",20.28,0.34,0.0596,23.1,41.9,2021-04-05 14:55:39,8.66169984684974
"46",2021-04-05,"14:57:20",10,"vent",20.21,0.36,0.1403472,23.1,41.8,2021-04-05 14:57:20,8.64102753217945
"47",2021-04-05,"14:59:34",10,"dewl",12.04,0.6,0.2187166,23.2,41.6,2021-04-05 14:59:34,8.6489608966372
"48",2021-04-05,"15:00:20",10,"head",31.46,0.21,0,23.2,41.6,2021-04-05 15:00:20,8.6489608966372
"49",2021-04-05,"15:04:32",10,"mite",26.57,0.26,0.0132,23.2,41.7,2021-04-05 15:04:32,8.66975166802335
"50",2021-04-05,"15:07:40",11,"dors",16.87,0.43,0.0712,23.2,42,2021-04-05 15:07:40,8.73212398218179
"51",2021-04-05,"15:09:55",11,"vent",18.5,0.39,0.2234525,23.3,41.7,2021-04-05 15:09:55,8.719392610045
"52",2021-04-05,"15:11:40",11,"dewl",12.67,0.56,0.1545879,23.3,41.4,2021-04-05 15:11:40,8.65666316680726
"53",2021-04-05,"15:12:25",11,"head",21.61,0.34,0.00136,23.4,41.3,2021-04-05 15:12:25,8.68516126257028
"54",2021-04-05,"15:14:14",11,"mite",14.2,0.52,0.1404108,23.4,41.3,2021-04-05 15:14:14,8.68516126257028
"55",2021-04-05,"15:16:49",12,"dors",21.03,0.35,0.038,23.4,41.2,2021-04-05 15:16:49,8.66413181641393
"56",2021-04-05,"15:21:48",12,"vent",13.37,0.53,0.1731905,23.3,41.4,2021-04-05 15:21:48,8.65666316680726
"57",2021-04-05,"15:23:18",12,"dewl",12.4,0.6,0.0919,23.4,41.2,2021-04-05 15:23:18,8.66413181641393
"58",2021-04-05,"15:24:07",12,"head",31.03,0.21,0.000339,23.3,41.4,2021-04-05 15:24:07,8.65666316680726
"59",2021-04-05,"15:25:40",12,"mite",18.41,0.31,0.1098817,23.2,41.5,2021-04-05 15:25:40,8.62817012525105
"60",2021-04-05,"15:28:57",13,"dors",11.25,0.61,0.191704,23.4,41.3,2021-04-05 15:28:57,8.68516126257028
"61",2021-04-05,"15:33:16",13,"vent",13.26,0.53,0.2551675,23.5,41,2021-04-05 15:33:16,8.67136430304105
"62",2021-04-05,"15:34:31",13,"dewl",14.56,0.4,0.0667,23.3,41.3,2021-04-05 15:34:31,8.63575335239469
"63",2021-04-05,"15:36:06",13,"head",15,0.48,0.0898,23.3,41.4,2021-04-05 15:36:06,8.65666316680726
"64",2021-04-05,"15:37:53",13,"mite",43.44,0.13,0,23.3,41.4,2021-04-05 15:37:53,8.65666316680726
"65",2021-04-05,"15:40:45",14,"dors",16.56,0.39,0.120031,23.2,41.4,2021-04-05 15:40:45,8.60737935386491
"66",2021-04-05,"15:41:30",14,"vent",30.84,0.08,7.5e-05,23.3,41.3,2021-04-05 15:41:30,8.63575335239469
"67",2021-04-05,"15:43:25",14,"dewl",13.19,0.48,0.1643534,23.4,41.2,2021-04-05 15:43:25,8.66413181641393
"68",2021-04-05,"15:45:05",14,"head",17.24,0.37,0.0983,23.4,41.2,2021-04-05 15:45:05,8.66413181641393
"69",2021-04-05,"15:46:31",14,"mite",13.63,0.45,0.1008584,23.4,41.2,2021-04-05 15:46:31,8.66413181641393
"70",2021-04-05,"15:49:14",15,"dors",18.87,0.39,0.0402,23.3,41.5,2021-04-05 15:49:14,8.67757298121984
"71",2021-04-05,"15:49:56",15,"vent",35.6,0.18,7.86e-05,23.2,41.5,2021-04-05 15:49:56,8.62817012525105
"72",2021-04-05,"15:51:41",15,"dewl",20.25,0.36,0.0359,23.2,41.5,2021-04-05 15:51:41,8.62817012525105
"73",2021-04-05,"15:53:03",15,"head",19.3,0.26,0.055,23.3,41.4,2021-04-05 15:53:03,8.65666316680726
"74",2021-04-05,"15:54:11",15,"mite",40.2,0.16,0,23.4,41.4,2021-04-05 15:54:11,8.70619070872663
"75",2021-04-05,"15:59:13",16,"dors",19.31,0.35,0.0177,23.3,41.3,2021-04-05 15:59:13,8.63575335239469
"76",2021-04-05,"16:03:18",16,"vent",18.11,0.39,0.0441,23.3,41.3,2021-04-05 16:03:18,8.63575335239469
"77",2021-04-05,"16:05:03",16,"dewl",10.02,0.73,0.146899,23.2,41.2,2021-04-05 16:05:03,8.56579781109261
"78",2021-04-05,"16:07:12",16,"head",14.72,0.5,0.1493243,23.1,41.4,2021-04-05 16:07:12,8.55833827349831
"79",2021-04-05,"16:08:14",16,"mite",35.15,0.2,0,23.2,41.4,2021-04-05 16:08:14,8.60737935386491
"80",2021-04-05,"16:11:02",17,"dors",13.17,0.51,0.0727097,23.2,41.2,2021-04-05 16:11:02,8.56579781109261
"81",2021-04-05,"16:12:30",17,"vent",22.67,0.27,0.0552,23.1,41.4,2021-04-05 16:12:30,8.55833827349831
"82",2021-04-05,"16:13:43",17,"dewl",13.17,0.57,0.0628,23.1,41.3,2021-04-05 16:13:43,8.53766595882802
"83",2021-04-05,"16:14:37",17,"head",19.92,0.35,0.0087,23.1,41.5,2021-04-05 16:14:37,8.57901058816859
"84",2021-04-05,"16:15:54",17,"mite",54.3,0.14,0,23.1,41.8,2021-04-05 16:15:54,8.64102753217945
"85",2021-04-05,"16:19:38",18,"dors",14.8,0.5,0.0983,23,41.8,2021-04-05 16:19:38,8.59175669990727
"86",2021-04-05,"16:21:35",18,"vent",18.42,0.41,0.1959696,23.2,41.3,2021-04-05 16:21:35,8.58658858247876
"87",2021-04-05,"16:23:01",18,"dewl",13.91,0.48,0.0835,23.1,41.6,2021-04-05 16:23:01,8.59968290283888
"88",2021-04-05,"16:24:08",18,"head",15.86,0.39,0.0456,23.1,41.5,2021-04-05 16:24:08,8.57901058816859
"89",2021-04-05,"16:27:11",18,"mite",53.44,0.14,0,23.2,41.3,2021-04-05 16:27:11,8.58658858247876
"90",2021-04-05,"16:29:56",19,"dors",16.51,0.42,0.0641,23.1,41.7,2021-04-05 16:29:56,8.62035521750917
"91",2021-04-05,"16:32:09",19,"vent",18.48,0.38,0.1857105,23.1,41.7,2021-04-05 16:32:09,8.62035521750917
"92",2021-04-05,"16:33:16",19,"dewl",14,0.45,0.0656,23.2,41.9,2021-04-05 16:33:16,8.71133321079564
"93",2021-04-05,"16:35:23",19,"head",18.76,0.31,0.1551878,23,41.7,2021-04-05 16:35:23,8.57120225804146
"94",2021-04-05,"16:36:59",19,"mite",23.02,0.29,0.057,23,41.8,2021-04-05 16:36:59,8.59175669990727
"95",2021-04-05,"16:40:17",20,"dors",14.01,0.53,0.0625,23.1,41.6,2021-04-05 16:40:17,8.59968290283888
"96",2021-04-05,"16:40:58",20,"vent",27.7,0.26,0.000278,23,41.6,2021-04-05 16:40:58,8.55064781617565
"97",2021-04-05,"16:42:52",20,"dewl",11.66,0.55,0.1480456,23,41.5,2021-04-05 16:42:52,8.53009337430985
"98",2021-04-05,"16:43:38",20,"head",27.05,0.24,0,23,41.5,2021-04-05 16:43:38,8.53009337430985
"99",2021-04-05,"16:45:02",20,"mite",17.8,0.35,0.0589,23,41.5,2021-04-05 16:45:02,8.53009337430985
"100",2021-04-05,"16:47:04",21,"dors",15.18,0.49,0.0474,23,41.6,2021-04-05 16:47:04,8.55064781617565
"101",2021-04-05,"16:47:46",21,"vent",29.29,0.18,0.000217,23,41.4,2021-04-05 16:47:46,8.50953893244404
"102",2021-04-05,"16:49:10",21,"dewl",12.97,0.47,0.1026285,23,41.3,2021-04-05 16:49:10,8.48898449057823
"103",2021-04-05,"16:50:21",21,"head",14.6,0.41,0.0398261,23,41.3,2021-04-05 16:50:21,8.48898449057823
"104",2021-04-05,"16:52:18",21,"mite",13.6,0.54,0.1312765,23,41.3,2021-04-05 16:52:18,8.48898449057823
"105",2021-04-05,"16:54:47",26,"dors",11.59,0.6,0.1429985,23,41.6,2021-04-05 16:54:47,8.55064781617565
"106",2021-04-05,"16:55:28",26,"vent",32.58,0.23,0,22.9,41.7,2021-04-05 16:55:28,8.52229179231343
"107",2021-04-05,"16:56:54",26,"dewl",8.36,0.87,0.1256637,23,41.7,2021-04-05 16:56:54,8.57120225804146
"108",2021-04-05,"16:59:01",26,"head",15.22,0.45,0.1411229,23,41.5,2021-04-05 16:59:01,8.53009337430985
"109",2021-04-05,"17:01:03",26,"mite",30.93,0.23,0,23,41.7,2021-04-05 17:01:03,8.57120225804146
"110",2021-04-05,"17:03:47",27,"dors",14.5,0.49,0.0743056,22.9,41.6,2021-04-05 17:03:47,8.50185464173235
"111",2021-04-05,"17:04:41",27,"vent",28.63,0.09,7.34e-05,23,41.6,2021-04-05 17:04:41,8.55064781617565
"112",2021-04-05,"17:06:28",27,"dewl",13.81,0.5,0.1059049,22.9,41.8,2021-04-05 17:06:28,8.54272894289452
"113",2021-04-05,"17:07:27",27,"head",16.28,0.46,0.0282,23,41.8,2021-04-05 17:07:27,8.59175669990727
"114",2021-04-05,"17:09:09",27,"mite",14.12,0.5,0.0839,23.1,41.9,2021-04-05 17:09:09,8.66169984684974
"115",2021-04-05,"17:12:20",30,"dors",16.24,0.41,0.0359,23,41.8,2021-04-05 17:12:20,8.59175669990727
"116",2021-04-05,"17:14:41",30,"vent",15.34,0.44,0.1906797,22.9,42,2021-04-05 17:14:41,8.58360324405669
"117",2021-04-05,"17:16:14",30,"dewl",10.67,0.65,0.1068852,22.9,41.9,2021-04-05 17:16:14,8.56316609347561
"118",2021-04-05,"17:17:28",30,"head",18.86,0.38,0.0379,23,41.6,2021-04-05 17:17:28,8.55064781617565
"119",2021-04-05,"17:19:43",30,"mite",13.95,0.54,0.2244961,22.9,42,2021-04-05 17:19:43,8.58360324405669
"120",2021-04-05,"17:21:57",29,"dors",13.65,0.53,0.0626236,22.9,41.6,2021-04-05 17:21:57,8.50185464173235
"121",2021-04-05,"17:24:09",29,"vent",16.74,0.43,0.1213718,23,41.5,2021-04-05 17:24:09,8.53009337430985
"122",2021-04-05,"17:25:35",29,"dewl",14.13,0.46,0.0572,22.9,41.7,2021-04-05 17:25:35,8.52229179231343
"123",2021-04-05,"17:26:59",29,"head",18.2,0.34,0.0701,22.9,41.7,2021-04-05 17:26:59,8.52229179231343
"124",2021-04-05,"17:29:01",29,"mite",11.1,0.67,0.1702822,23,41.6,2021-04-05 17:29:01,8.55064781617565
"125",2021-04-05,"17:31:27",24,"dors",13.95,0.51,0.0622,23.1,41.7,2021-04-05 17:31:27,8.62035521750917
"126",2021-04-05,"17:32:46",24,"vent",19.41,0.38,0.0622,23,41.8,2021-04-05 17:32:46,8.59175669990727
"127",2021-04-05,"17:34:38",24,"dewl",8.14,0.73,0.157965,23,42.1,2021-04-05 17:34:38,8.65342002550469
"128",2021-04-05,"17:36:49",24,"head",17.73,0.39,0.1657571,22.9,42,2021-04-05 17:36:49,8.58360324405669
"129",2021-04-05,"17:38:20",24,"mite",12.05,0.52,0.1192757,23.1,41.9,2021-04-05 17:38:20,8.66169984684974
"130",2021-04-19,"12:39:00",31,"dors",35.71,0.21,0,22.5,47.8,2021-04-19 12:39:00,9.54745396805103
"131",2021-04-19,"12:39:46",31,"vent",40.74,0.15,0.000274,23,46.6,2021-04-19 12:39:46,9.578369909466
"132",2021-04-19,"12:42:23",31,"dewl",16.11,0.46,0.3008764,22.9,46.5,2021-04-19 12:42:23,9.50327502020563
"133",2021-04-19,"12:43:09",31,"head",36.05,0.12,4.26e-05,23,46.3,2021-04-19 12:43:09,9.51670658386857
"134",2021-04-19,"12:44:00",31,"mite",55.65,0.12,0.000163,22.7,46.9,2021-04-19 12:44:00,9.47581812677487
"135",2021-04-19,"12:46:55",32,"dors",52.97,0.14,0,23,46.7,2021-04-19 12:46:55,9.5989243513318
"136",2021-04-19,"12:47:47",32,"vent",67.64,0.1,0,23,46.3,2021-04-19 12:47:47,9.51670658386857
"137",2021-04-19,"12:48:44",32,"dewl",33.31,0.21,0.0638,22.9,46.4,2021-04-19 12:48:44,9.48283786962454
"138",2021-04-19,"12:49:27",32,"head",45.79,0.14,0,22.9,46.3,2021-04-19 12:49:27,9.46240071904345
"139",2021-04-19,"12:52:52",32,"mite",38.55,0.03,0,23,45.9,2021-04-19 12:52:52,9.43448881640535
"140",2021-04-19,"13:02:51",34,"dors",37.87,0.19,0,22.8,46.8,2021-04-19 13:02:51,9.50996518620089
"141",2021-04-19,"13:03:36",34,"vent",51.47,0.14,0,23,46,2021-04-19 13:03:36,9.45504325827116
"142",2021-04-19,"13:05:12",34,"dewl",14.82,0.46,0.1654284,22.8,46.3,2021-04-19 13:05:12,9.40836299404062
"143",2021-04-19,"13:06:00",34,"head",70.75,0.08,3.07e-05,22.9,46.3,2021-04-19 13:06:00,9.46240071904345
"144",2021-04-19,"13:07:36",34,"mite",38.99,0.16,0.1064237,22.9,46.2,2021-04-19 13:07:36,9.44196356846236
"145",2021-04-19,"13:08:52",33,"dors",33.85,0.06,1.16e-05,22.9,46.3,2021-04-19 13:08:52,9.46240071904345
"146",2021-04-19,"13:09:52",33,"vent",49.98,0.14,0,22.9,46.3,2021-04-19 13:09:52,9.46240071904345
"147",2021-04-19,"13:11:54",33,"dewl",22.64,0.31,0.1150295,23.1,46,2021-04-19 13:11:54,9.50926474833145
"148",2021-04-19,"13:12:53",33,"head",84.26,0.09,0,23,45.9,2021-04-19 13:12:53,9.43448881640535
"149",2021-04-19,"13:14:43",33,"mite",24.67,0.3,0.4360261,22.8,46.6,2021-04-19 13:14:43,9.46932430933678
"150",2021-04-19,"13:21:20",35,"dors",24.87,0.27,0.0812,22.9,46.6,2021-04-19 13:21:20,9.52371217078671
"151",2021-04-19,"13:22:15",35,"vent",43.61,0.13,0.000225,23,46.5,2021-04-19 13:22:15,9.55781546760019
"152",2021-04-19,"13:23:33",35,"dewl",20,0.28,0.1196715,23,46.6,2021-04-19 13:23:33,9.578369909466
"153",2021-04-19,"13:27:20",35,"head",27.06,0.25,0.0369,23.1,46.3,2021-04-19 13:27:20,9.57128169234231
"154",2021-04-19,"13:28:03",35,"mite",48.47,0.12,1.77e-06,23.1,46.3,2021-04-19 13:28:03,9.57128169234231
"155",2021-04-19,"13:30:36",36,"dors",29.76,0.24,0.1638876,23,46.3,2021-04-19 13:30:36,9.51670658386857
"156",2021-04-19,"13:31:25",36,"vent",56.55,0.08,6.18e-06,23.1,46.3,2021-04-19 13:31:25,9.57128169234231
"157",2021-04-19,"13:32:31",36,"dewl",23.82,0.3,0.0742824,23.1,46.4,2021-04-19 13:32:31,9.5919540070126
"158",2021-04-19,"13:34:52",36,"head",24.66,0.27,0.2865193,22.9,46.6,2021-04-19 13:34:52,9.52371217078671
"159",2021-04-19,"13:36:46",36,"mite",16.9,0.41,0.2162967,23,46.5,2021-04-19 13:36:46,9.55781546760019
"160",2021-04-19,"13:38:08",37,"dors",33.05,0.22,0.0178,23.2,46.2,2021-04-19 13:38:08,9.60533638039997
"161",2021-04-19,"13:38:59",37,"vent",53.51,0.11,2.17e-06,23,46.4,2021-04-19 13:38:59,9.53726102573438
"162",2021-04-19,"13:40:41",37,"dewl",25.21,0.26,0.1039739,23.1,46.1,2021-04-19 13:40:41,9.52993706300174
"163",2021-04-19,"13:42:10",37,"head",30.71,0.19,0.065,23.1,46,2021-04-19 13:42:10,9.50926474833145
"164",2021-04-19,"13:42:59",37,"mite",60.55,0.07,4.57e-05,23.1,46,2021-04-19 13:42:59,9.50926474833145
"165",2021-04-19,"13:44:53",38,"dors",33.27,0.21,0.0244,23,46.4,2021-04-19 13:44:53,9.53726102573438
"166",2021-04-19,"13:47:29",38,"vent",23.34,0.3,0.378902,23,46.2,2021-04-19 13:47:29,9.49615214200277
"167",2021-04-19,"13:49:25",38,"dewl",21,0.3,0.2004525,23.1,46,2021-04-19 13:49:25,9.50926474833145
"168",2021-04-19,"13:50:11",38,"head",65.73,0.1,0.00013,23,46.4,2021-04-19 13:50:11,9.53726102573438
"169",2021-04-19,"13:52:06",38,"mite",26.7,0.28,0.3182207,23,46.4,2021-04-19 13:52:06,9.53726102573438
"170",2021-04-19,"13:56:14",39,"dors",34.26,0.18,1.32e-05,22.8,46.8,2021-04-19 13:56:14,9.50996518620089
"171",2021-04-19,"13:57:59",39,"vent",32.21,0.2,0.146222,23.1,46.2,2021-04-19 13:57:59,9.55060937767203
"172",2021-04-19,"14:00:47",39,"dewl",12.56,0.55,0.4031867,23,46.4,2021-04-19 14:00:47,9.53726102573438
"173",2021-04-19,"14:01:41",39,"head",62.94,0.09,0,23,46.5,2021-04-19 14:01:41,9.55781546760019
"174",2021-04-19,"14:03:35",39,"mite",20.6,0.36,0.1970097,23,46.5,2021-04-19 14:03:35,9.55781546760019
"175",2021-04-19,"14:07:12",40,"dors",22.86,0.33,0.0600928,23.3,46,2021-04-19 14:07:12,9.61851462978585
"176",2021-04-19,"14:07:56",40,"vent",59.15,0.11,1e-04,23.2,46.1,2021-04-19 14:07:56,9.58454560901382
"177",2021-04-19,"14:10:14",40,"dewl",18.13,0.39,0.211816,23,46.2,2021-04-19 14:10:14,9.49615214200277
"178",2021-04-19,"14:11:18",40,"head",27.16,0.27,0.0155,23.1,45.9,2021-04-19 14:11:18,9.48859243366117
"179",2021-04-19,"14:12:53",40,"mite",27.5,0.26,0.0989,23,45.9,2021-04-19 14:12:53,9.43448881640535
"180",2021-04-19,"14:16:34",42,"dors",41.74,0.16,5.82e-06,23,46.2,2021-04-19 14:16:34,9.49615214200277
"181",2021-04-19,"14:17:30",42,"vent",52.38,0.12,2.02e-05,23,46,2021-04-19 14:17:30,9.45504325827116
"182",2021-04-19,"14:20:49",42,"dewl",18.14,0.38,0.3058844,23,46,2021-04-19 14:20:49,9.45504325827116
"183",2021-04-19,"14:21:42",42,"head",55.74,0.12,0,23,46.1,2021-04-19 14:21:42,9.47559770013696
"184",2021-04-19,"14:22:29",42,"mite",44.87,0.11,4.47e-05,23,46.1,2021-04-19 14:22:29,9.47559770013696
"185",2021-04-19,"14:25:20",41,"dors",47.22,0.12,0,22.9,46.5,2021-04-19 14:25:20,9.50327502020563
"186",2021-04-19,"14:26:14",41,"vent",51.66,0.13,2.17e-06,22.9,46.5,2021-04-19 14:26:14,9.50327502020563
"187",2021-04-19,"14:28:37",41,"dewl",25.78,0.28,0.1861171,23,46,2021-04-19 14:28:37,9.45504325827116
"188",2021-04-19,"14:29:21",41,"head",57.31,0.1,3.83e-05,22.8,46.5,2021-04-19 14:29:21,9.44900387090473
"189",2021-04-19,"14:30:53",41,"mite",42.28,0.14,0.0932,23,46.1,2021-04-19 14:30:53,9.47559770013696
"190",2021-04-19,"14:36:07",43,"dors",25.13,0.29,0.0361,23,46,2021-04-19 14:36:07,9.45504325827116
"191",2021-04-19,"14:36:54",43,"vent",42.79,0.17,1.74e-06,23,46,2021-04-19 14:36:54,9.45504325827116
"192",2021-04-19,"14:39:22",43,"dewl",21.04,0.27,0.2397392,23.1,45.7,2021-04-19 14:39:22,9.4472478043206
"193",2021-04-19,"14:40:07",43,"head",34.9,0.13,0,23,45.7,2021-04-19 14:40:07,9.39337993267374
"194",2021-04-19,"14:42:27",43,"mite",20.38,0.37,0.3237834,23.1,45.7,2021-04-19 14:42:27,9.4472478043206
"195",2021-04-19,"14:44:44",44,"dors",20.44,0.33,0.1131627,23.2,45.2,2021-04-19 14:44:44,9.3974286665385
"196",2021-04-19,"14:47:27",44,"vent",24.03,0.31,0.3735338,22.9,45.7,2021-04-19 14:47:27,9.33977781555693
"197",2021-04-19,"14:49:36",44,"dewl",10.04,0.64,0.2756111,23.1,45.4,2021-04-19 14:49:36,9.38523086030974
"198",2021-04-19,"14:50:17",44,"head",34.16,0.1,0.000103,23,45.5,2021-04-19 14:50:17,9.35227104894212
"199",2021-04-19,"14:52:39",44,"mite",16.42,0.42,0.3346167,23,45.6,2021-04-19 14:52:39,9.37282549080793
"200",2021-04-19,"14:54:43",45,"dors",17.09,0.44,0.0887,23,45.6,2021-04-19 14:54:43,9.37282549080793
"201",2021-04-19,"14:57:11",45,"vent",17.23,0.41,0.2471717,22.9,45.7,2021-04-19 14:57:11,9.33977781555693
"202",2021-04-19,"14:58:38",45,"dewl",12.76,0.51,0.1302297,22.9,45.7,2021-04-19 14:58:38,9.33977781555693
"203",2021-04-19,"15:00:20",45,"head",30.05,0.18,0.0873,22.8,45.8,2021-04-19 15:00:20,9.30676080188035
"204",2021-04-19,"15:06:52",45,"mite",14.98,0.49,0.0589,23,45.4,2021-04-19 15:06:52,9.33171660707631
"205",2021-04-19,"15:42:39",46,"dors",12.8,0.56,0.0509,22.6,46.4,2021-04-19 15:42:39,9.32117630767257
"206",2021-04-19,"15:44:50",46,"vent",14.37,0.46,0.1691336,22.5,46.4,2021-04-19 15:44:50,9.26782142505372
"207",2021-04-19,"15:47:02",46,"dewl",7.31,1.01,0.213872,22.4,46.6,2021-04-19 15:47:02,9.25444953898685
"208",2021-04-19,"15:48:57",46,"head",18.84,0.36,0.1094259,22.6,46.3,2021-04-19 15:48:57,9.30108756563017
"209",2021-04-19,"15:50:44",46,"mite",13.69,0.54,0.1169638,22.6,46.3,2021-04-19 15:50:44,9.30108756563017
"210",2021-04-19,"15:52:34",47,"dors",17.2,0.41,0.0218,22.6,46.4,2021-04-19 15:52:34,9.32117630767257
"211",2021-04-19,"15:54:51",47,"vent",15.93,0.39,0.2001058,22.7,46.2,2021-04-19 15:54:51,9.33438800547973
"212",2021-04-19,"15:57:25",47,"dewl",7.48,1,0.2195848,22.6,46.3,2021-04-19 15:57:25,9.30108756563017
"213",2021-04-19,"15:58:56",47,"head",17.59,0.34,0.0590385,22.7,46.1,2021-04-19 15:58:56,9.31418370243756
"214",2021-04-19,"15:59:46",47,"mite",32.18,0.07,5.82e-05,22.5,46.7,2021-04-19 15:59:46,9.32774268426743
"215",2021-04-19,"16:01:16",52,"dors",16.5,0.43,0.0409,22.7,46.4,2021-04-19 16:01:16,9.37479661156405
"216",2021-04-19,"16:02:09",52,"vent",28.55,0.21,2.02e-06,22.6,46.4,2021-04-19 16:02:09,9.32117630767257
"217",2021-04-19,"16:04:02",52,"dewl",15.41,0.41,0.1333833,22.8,46,2021-04-19 16:04:02,9.34740167874446
"218",2021-04-19,"16:05:30",52,"head",27.53,0.22,0.000476,22.6,46.2,2021-04-19 16:05:30,9.28099882358778
"219",2021-04-19,"16:08:02",52,"mite",13.59,0.54,0.290969,22.6,46.2,2021-04-19 16:08:02,9.28099882358778
"220",2021-04-19,"16:19:14",53,"dors",19.65,0.36,0.00901,22.5,46.6,2021-04-19 16:19:14,9.30776893119619
"221",2021-04-19,"16:27:22",53,"vent",22.84,0.29,0.2139675,22.5,47,2021-04-19 16:27:22,9.38766394348114
"222",2021-04-19,"16:28:41",53,"dewl",20.6,0.29,0.0627,22.5,46.6,2021-04-19 16:28:41,9.30776893119619
"223",2021-04-19,"16:30:26",53,"head",30.53,0.22,0.0683,22.5,46.6,2021-04-19 16:30:26,9.30776893119619
"224",2021-04-19,"16:31:28",53,"mite",32.47,0.03,0,22.6,46.5,2021-04-19 16:31:28,9.34126504971497
"225",2021-04-19,"16:33:20",48,"dors",21.67,0.3,0.0383,22.6,46.4,2021-04-19 16:33:20,9.32117630767257
"226",2021-04-19,"16:34:10",48,"vent",45.14,0.05,3.22e-05,22.6,46.4,2021-04-19 16:34:10,9.32117630767257
"227",2021-04-19,"16:36:34",48,"dewl",19.94,0.28,0.2208455,22.6,46.3,2021-04-19 16:36:34,9.30108756563017
"228",2021-04-19,"16:38:00",48,"head",33.41,0.19,0.0706,22.6,46,2021-04-19 16:38:00,9.24082133950298
"229",2021-04-19,"16:38:46",48,"mite",46.56,0.16,1.33e-05,22.6,46.1,2021-04-19 16:38:46,9.26091008154538
"230",2021-04-19,"16:42:03",50,"dors",19.23,0.35,0.1048292,22.6,46,2021-04-19 16:42:03,9.24082133950298
"231",2021-04-19,"16:42:51",50,"vent",40.05,0.16,3.9e-05,22.6,46.1,2021-04-19 16:42:51,9.26091008154538
"232",2021-04-19,"16:44:41",50,"dewl",21.97,0.32,0.1560699,22.5,46.2,2021-04-19 16:44:41,9.22787391891124
"233",2021-04-19,"16:45:31",50,"head",44.01,0.1,9.04e-05,22.6,46.1,2021-04-19 16:45:31,9.26091008154538
"234",2021-04-19,"16:46:54",50,"mite",32.18,0.23,0.059,22.6,45.9,2021-04-19 16:46:54,9.22073259746058
"235",2021-04-19,"16:50:21",51,"dors",22.75,0.32,0.0541217,22.6,45.9,2021-04-19 16:50:21,9.22073259746058
"236",2021-04-19,"16:51:05",51,"vent",35.25,0.21,0,22.7,45.8,2021-04-19 16:51:05,9.25357079331107
"237",2021-04-19,"16:51:53",51,"dewl",25.24,0.26,0.0319,22.7,45.7,2021-04-19 16:51:53,9.23336649026891
"238",2021-04-19,"16:54:02",51,"head",23.34,0.28,0.1354646,22.6,45.8,2021-04-19 16:54:02,9.20064385541818
"239",2021-04-19,"16:56:06",51,"mite",20.32,0.33,0.133012,22.6,45.8,2021-04-19 16:56:06,9.20064385541818
"240",2021-04-26,"12:58:20",54,"dors",28.62,0.23,0,22.7,39.4,2021-04-26 12:58:20,7.96049539861258
"241",2021-04-26,"12:59:05",54,"vent",40.04,0.18,2.16e-06,22.8,39.2,2021-04-26 12:59:05,7.96561186536484
"242",2021-04-26,"13:00:16",54,"head",24.8,0.26,1.07e-05,22.8,39,2021-04-26 13:00:16,7.92497098850074
"243",2021-04-26,"13:04:19",54,"dewl",17.97,0.4,0.0932,22.8,38.5,2021-04-26 13:04:19,7.82336879634047
"244",2021-04-26,"13:05:41",54,"mite",18.21,0.36,0.1107478,22.5,39.2,2021-04-26 13:05:41,7.82971120392469
"245",2021-04-26,"13:09:16",55,"dors",25.72,0.18,5.01e-05,22.7,39.2,2021-04-26 13:09:16,7.92008679252825
"246",2021-04-26,"13:13:00",55,"vent",32.95,0.21,0.0185,22.7,39.1,2021-04-26 13:13:00,7.89988248948609
"247",2021-04-26,"13:15:38",55,"head",19.77,0.37,0.0322,22.9,38.5,2021-04-26 13:15:38,7.86830297371864
"248",2021-04-26,"13:20:45",57,"dors",24.75,0.29,0,22.9,39,2021-04-26 13:20:45,7.97048872662407
"249",2021-04-26,"13:21:31",57,"vent",43.6,0.14,3.07e-05,22.8,38.8,2021-04-26 13:21:31,7.88433011163663
"250",2021-04-26,"13:22:46",57,"head",20.49,0.36,0.045,23,38.6,2021-04-26 13:22:46,7.93401456020145
"251",2021-04-26,"13:24:58",57,"dewl",20.09,0.37,0.2580228,23.2,38.1,2021-04-26 13:24:58,7.92128389812205
"252",2021-04-26,"13:25:48",57,"mite",65.61,0.11,9.13e-05,23,38.4,2021-04-26 13:25:48,7.89290567646983
"253",2021-04-26,"13:31:47",58,"dors",18.38,0.12,9.36e-06,22.9,38.5,2021-04-26 13:31:47,7.86830297371864
"254",2021-04-26,"13:32:57",58,"vent",37.95,0.15,2.1e-05,23,38.3,2021-04-26 13:32:57,7.87235123460403
"255",2021-04-26,"13:34:07",58,"head",23.97,0.3,0.0113819,22.9,38.1,2021-04-26 13:34:07,7.78655437139429
"256",2021-04-26,"13:36:28",58,"dewl",15.89,0.46,0.1542816,22.9,38,2021-04-26 13:36:28,7.7661172208132
"257",2021-04-26,"13:37:14",58,"mite",28.84,0.12,2.25e-05,22.8,38.3,2021-04-26 13:37:14,7.78272791947636
"258",2021-04-26,"13:55:06",59,"dors",10.46,0.28,6.09e-05,22.6,37.1,2021-04-26 13:55:06,7.45292329772958
"259",2021-04-26,"13:57:03",59,"vent",10.76,0.58,0.1276254,22.8,36.7,2021-04-26 13:57:03,7.45760090456351
"260",2021-04-26,"13:58:07",59,"head",11.13,0.6,0.0259,22.8,36.9,2021-04-26 13:58:07,7.49824178142762
"261",2021-04-26,"13:59:51",59,"dewl",9.39,0.79,0.103277,22.9,36.7,2021-04-26 13:59:51,7.50043426325906
"262",2021-04-26,"14:00:49",59,"mite",29.65,0.25,0,23.1,36.6,2021-04-26 14:00:49,7.56606716932459
"263",2021-04-26,"14:06:40",60,"dors",28.13,0.25,0.000132,23,36.9,2021-04-26 14:06:40,7.58458904848273
"264",2021-04-26,"14:07:26",60,"vent",29.1,0.09,6.15e-05,22.9,36.7,2021-04-26 14:07:26,7.50043426325906
"265",2021-04-26,"14:08:06",60,"head",38.42,0.05,0,22.7,37.1,2021-04-26 14:08:06,7.49579642864281
"266",2021-04-26,"14:10:46",60,"dewl",14.35,0.51,0.2434584,22.8,36.8,2021-04-26 14:10:46,7.47792134299557
"267",2021-04-26,"14:11:31",60,"mite",45.69,0.14,0.000179,23.2,36.4,2021-04-26 14:11:31,7.56784078455755
"268",2021-04-26,"14:13:15",61,"dors",21.8,0.3,0.0375,23.2,36.4,2021-04-26 14:13:15,7.56784078455755
"269",2021-04-26,"14:14:04",61,"vent",50.15,0.14,0,23.2,36.2,2021-04-26 14:14:04,7.52625924178526
"270",2021-04-26,"14:15:20",61,"head",27.09,0.25,0.0664,23.2,35.7,2021-04-26 14:15:20,7.42230538485452
"271",2021-04-26,"14:16:01",61,"dewl",44.25,0.12,0.000134,23.1,35.7,2021-04-26 14:16:01,7.38001633729202
"272",2021-04-26,"14:22:13",62,"dors",27.05,0.16,3.89e-05,22.8,36.2,2021-04-26 14:22:13,7.35599871240325
"273",2021-04-26,"14:22:54",62,"vent",29.97,0.18,0.000141,22.8,36,2021-04-26 14:22:54,7.31535783553914
"274",2021-04-26,"14:23:48",62,"head",21.25,0.22,0.0162,22.9,36.1,2021-04-26 14:23:48,7.37781135977254
"275",2021-04-26,"14:25:59",62,"dewl",19.17,0.29,0.208549,23,35.6,2021-04-26 14:25:59,7.31738130422724
"276",2021-04-26,"14:28:13",62,"mite",19.76,0.37,0.2905155,23,35.8,2021-04-26 14:28:13,7.35849018795885
"277",2021-04-26,"14:29:32",63,"dors",17.38,0.32,0.0165,23.1,35.6,2021-04-26 14:29:32,7.35934402262174
"278",2021-04-26,"14:30:36",63,"vent",47.13,0.15,8.39e-06,23.1,35.6,2021-04-26 14:30:36,7.35934402262174
"279",2021-04-26,"14:32:13",63,"head",33.2,0.23,0.0537,23.1,35.5,2021-04-26 14:32:13,7.33867170795145
"280",2021-04-26,"14:34:57",63,"dewl",25.38,0.29,0.2895468,23.1,35.2,2021-04-26 14:34:57,7.27665476394059
"281",2021-04-26,"14:39:07",63,"mite",96.16,0.08,0,23,35.2,2021-04-26 14:39:07,7.23516353676402
"282",2021-04-26,"15:15:17",64,"dors",11.42,0.61,0.0145,22.7,34.9,2021-04-26 15:15:17,7.0513017617152
"283",2021-04-26,"15:15:59",64,"vent",26.04,0.21,0.000202,22.6,34.9,2021-04-26 15:15:59,7.01097097279682
"284",2021-04-26,"15:16:55",64,"head",9.47,0.75,0.0561,22.6,34.9,2021-04-26 15:16:55,7.01097097279682
"285",2021-04-26,"15:18:48",64,"dewl",11.67,0.57,0.1307951,22.7,34.6,2021-04-26 15:18:48,6.99068885258871
"286",2021-04-26,"15:19:53",64,"mite",35.28,0.18,0,22.6,35,2021-04-26 15:19:53,7.03105971483923
"287",2021-04-26,"15:22:32",65,"dewl",17.08,0.38,0.0197,22.8,34.7,2021-04-26 15:22:32,7.05119213592245
"288",2021-04-26,"15:23:19",65,"vent",42.96,0.17,6.02e-05,22.8,34.6,2021-04-26 15:23:19,7.0308716974904
"289",2021-04-26,"15:25:43",65,"head",50.5,0.12,0,22.7,34.6,2021-04-26 15:25:43,6.99068885258871
"290",2021-04-26,"15:27:22",66,"dors",32.26,0.17,0.000104,22.7,34.6,2021-04-26 15:27:22,6.99068885258871
"291",2021-04-26,"15:28:07",66,"vent",54.11,0.11,0,22.8,34.6,2021-04-26 15:28:07,7.0308716974904
"292",2021-04-26,"15:29:21",66,"head",20.94,0.34,0.0592561,22.7,34.8,2021-04-26 15:29:21,7.03109745867304
"293",2021-04-26,"15:32:46",66,"dewl",26.23,0.04,0.000142,22.6,35.1,2021-04-26 15:32:46,7.05114845688162
"294",2021-04-26,"15:34:47",66,"mite",24.86,0.3,0.2908604,22.8,34.8,2021-04-26 15:34:47,7.0715125743545
"295",2021-04-26,"15:36:58",67,"dors",23.34,0.28,0.0514,22.6,35.1,2021-04-26 15:36:58,7.05114845688162
"296",2021-04-26,"15:37:49",67,"vent",53.03,0.14,2.29e-06,22.8,35,2021-04-26 15:37:49,7.11215345121861
"297",2021-04-26,"15:38:40",67,"head",24.65,0.27,0.00489,22.5,35,2021-04-26 15:38:40,6.99081357493276
"298",2021-04-26,"15:40:11",67,"mite",83.49,0.08,0,22.7,35,2021-04-26 15:40:11,7.07150606475737
"299",2021-04-26,"15:42:32",68,"dors",17.39,0.41,0.1332998,22.8,34.7,2021-04-26 15:42:32,7.05119213592245
"300",2021-04-26,"15:43:20",68,"vent",50.11,0.12,3.62e-05,22.8,34.7,2021-04-26 15:43:20,7.05119213592245
"301",2021-04-26,"15:44:45",68,"head",70.72,0.11,0,22.8,34.8,2021-04-26 15:44:45,7.0715125743545
"302",2021-04-26,"15:46:20",68,"dewl",46.64,0.15,0.1822363,22.9,34.6,2021-04-26 15:46:20,7.07125410105623
"303",2021-04-26,"15:48:57",68,"mite",23.13,0.29,0.4273053,23,34.3,2021-04-26 15:48:57,7.05017355997175
"304",2021-04-26,"15:50:50",69,"dors",21.66,0.32,0.0347,22.9,34.6,2021-04-26 15:50:50,7.07125410105623
"305",2021-04-26,"15:53:00",69,"vent",32.51,0.2,0.2421258,22.9,34.4,2021-04-26 15:53:00,7.03037979989405
"306",2021-04-26,"15:54:02",69,"head",18.21,0.33,0.0581,22.9,34.3,2021-04-26 15:54:02,7.00994264931297
"307",2021-04-26,"15:55:12",69,"dewl",35.03,0.21,0.0265,23,34.2,2021-04-26 15:55:12,7.02961911810595
"308",2021-04-26,"15:57:12",69,"mite",23.91,0.26,0.1055227,23,34.1,2021-04-26 15:57:12,7.00906467624014
"309",2021-04-26,"15:58:48",70,"dors",16.92,0.36,0.026,23,34.1,2021-04-26 15:58:48,7.00906467624014
"310",2021-04-26,"15:59:36",70,"vent",55.07,0.12,0,23,34,2021-04-26 15:59:36,6.98851023437433
"311",2021-04-26,"16:00:42",70,"head",55.25,0.12,3.35e-06,23,34.1,2021-04-26 16:00:42,7.00906467624014
"312",2021-04-26,"16:02:50",70,"dewl",25.57,0.25,0.2582923,23,34.1,2021-04-26 16:02:50,7.00906467624014
"313",2021-04-26,"16:03:42",70,"mite",34.01,0.19,0,23,34.1,2021-04-26 16:03:42,7.00906467624014
"314",2021-04-26,"16:05:24",71,"dors",12.67,0.52,0.0369,23.1,34,2021-04-26 16:05:24,7.02858698789716
"315",2021-04-26,"16:06:12",71,"vent",34.43,0.2,9.75e-06,23,34.1,2021-04-26 16:06:12,7.00906467624014
"316",2021-04-26,"16:07:18",71,"head",19.86,0.32,0.025,23,34,2021-04-26 16:07:18,6.98851023437433
"317",2021-04-26,"16:08:03",71,"dewl",28.3,0.26,0.000657,23,34,2021-04-26 16:08:03,6.98851023437433
"318",2021-04-26,"16:10:29",71,"mite",10.85,0.56,0.3066547,23,34,2021-04-26 16:10:29,6.98851023437433
"319",2021-04-26,"16:12:35",72,"dors",21.7,0.15,0,23,34.1,2021-04-26 16:12:35,7.00906467624014
"320",2021-04-26,"16:14:05",72,"vent",18.75,0.38,0.0399,23,34.1,2021-04-26 16:14:05,7.00906467624014
"321",2021-04-26,"16:15:15",72,"head",18.55,0.33,0.0325,23,34,2021-04-26 16:15:15,6.98851023437433
"322",2021-04-26,"16:16:43",72,"dewl",18,0.37,0.0691537,23,34.1,2021-04-26 16:16:43,7.00906467624014
"323",2021-04-26,"16:18:22",72,"mite",47.15,0.16,0,23,34.2,2021-04-26 16:18:22,7.02961911810595
"324",2021-04-26,"16:20:43",73,"dors",15.37,0.48,0.0267,23,34.3,2021-04-26 16:20:43,7.05017355997175
"325",2021-04-26,"16:21:29",73,"vent",23.66,0.09,2.89e-05,23,34.5,2021-04-26 16:21:29,7.09128244370337
"326",2021-04-26,"16:22:26",73,"head",18.31,0.28,0.00882,22.9,34.8,2021-04-26 16:22:26,7.1121284022184
"327",2021-04-26,"16:26:43",73,"mite",10.51,0.52,0.1338317,22.9,34.9,2021-04-26 16:26:43,7.13256555279949
"328",2021-04-26,"16:30:32",74,"dors",15.27,0.46,0.00189,22.8,35.3,2021-04-26 16:30:32,7.17311476651477
"329",2021-04-26,"16:32:41",74,"vent",13.36,0.52,0.1388313,22.9,35.4,2021-04-26 16:32:41,7.23475130570493
"330",2021-04-26,"16:33:35",74,"head",14.54,0.5,0.00802,22.9,35.5,2021-04-26 16:33:35,7.25518845628602
"331",2021-04-26,"16:35:34",74,"dewl",12.75,0.57,0.1541044,22.9,35.6,2021-04-26 16:35:34,7.2756256068671
"332",2021-04-26,"16:36:24",74,"mite",25.13,0.22,0.000184,22.9,35.7,2021-04-26 16:36:24,7.29606275744819
"333",2021-04-26,"16:40:45",75,"dors",14.89,0.48,0.000477,22.9,36,2021-04-26 16:40:45,7.35737420919145
"334",2021-04-26,"16:41:29",75,"vent",22.1,0.31,0.000404,22.8,36.2,2021-04-26 16:41:29,7.35599871240325
"335",2021-04-26,"16:42:46",75,"head",12.71,0.53,0.0146,22.8,36.3,2021-04-26 16:42:46,7.3763191508353
"336",2021-04-26,"16:45:02",75,"dewl",9.3,0.79,0.1843419,22.7,36.7,2021-04-26 16:45:02,7.41497921647415
"337",2021-04-26,"16:46:28",75,"mite",14.48,0.47,0.0342,22.7,36.8,2021-04-26 16:46:28,7.43518351951632
"338",2021-04-26,"16:49:22",76,"dors",14.04,0.53,0.000888,22.9,36.7,2021-04-26 16:49:22,7.50043426325906
"339",2021-04-26,"16:51:45",76,"vent",11.82,0.57,0.1950542,22.8,37.3,2021-04-26 16:51:45,7.57952353515583
"340",2021-04-26,"16:52:53",76,"head",12.97,0.47,0.0226,23,37.2,2021-04-26 16:52:53,7.64625237408015
"341",2021-04-26,"16:55:23",76,"dewl",12.37,0.6,0.2381606,23,37.1,2021-04-26 16:55:23,7.62569793221434
"342",2021-04-26,"16:57:08",76,"dewl",16.35,0.45,0.0834,23,37.1,2021-04-26 16:57:08,7.62569793221434
"343",2021-04-26,"16:59:43",77,"dors",9.76,0.69,0.0245,22.9,37.4,2021-04-26 16:59:43,7.64349431732668
"344",2021-04-26,"17:00:24",77,"vent",21.18,0.19,0.000236,22.9,37.5,2021-04-26 17:00:24,7.66393146790776
"345",2021-04-26,"17:01:30",77,"head",11.98,0.62,0.0509,22.9,37.3,2021-04-26 17:01:30,7.62305716674559
"346",2021-04-26,"17:03:14",77,"dewl",11.86,0.57,0.0957,22.9,37.3,2021-04-26 17:03:14,7.62305716674559
"347",2021-04-26,"17:04:45",77,"mite",13.74,0.45,0.054,22.8,37.5,2021-04-26 17:04:45,7.62016441201994
"348",2021-04-26,"17:07:23",78,"dors",9.52,0.73,0.0458,23,37.2,2021-04-26 17:07:23,7.64625237408015
"349",2021-04-26,"17:09:35",78,"vent",15.69,0.43,0.1567717,22.9,37.4,2021-04-26 17:09:35,7.64349431732668
"350",2021-04-26,"17:10:23",78,"head",22.02,0.3,0,22.9,37.4,2021-04-26 17:10:23,7.64349431732668
"351",2021-04-26,"17:12:17",78,"dewl",10.3,0.61,0.128116,23,37.5,2021-04-26 17:12:17,7.70791569967757
"352",2021-04-26,"17:13:48",78,"mite",15.69,0.44,0.0352975,23,37.5,2021-04-26 17:13:48,7.70791569967757
"353",2021-04-26,"17:18:32",79,"dors",9.53,0.77,0.0734,23,37.5,2021-04-26 17:18:32,7.70791569967757
"354",2021-04-26,"17:19:17",79,"vent",30.77,0.22,2.08e-06,22.9,37.6,2021-04-26 17:19:17,7.68436861848885
"355",2021-04-26,"17:20:38",79,"head",11.43,0.58,0.0792,23,37.6,2021-04-26 17:20:38,7.72847014154338
"356",2021-04-26,"17:21:21",79,"dewl",21.78,0.2,2.09e-05,23,37.6,2021-04-26 17:21:21,7.72847014154338
"357",2021-04-26,"17:23:49",79,"mite",82.34,0.09,0,23,37.6,2021-04-26 17:23:49,7.72847014154338
"358",2021-05-03,"12:46:40",81,"dors",21.4,0.26,1.11e-06,23.9,43.8,2021-05-03 12:46:40,9.47679593716553
"359",2021-05-03,"12:47:38",81,"vent",46.18,0.16,0,23.9,43.7,2021-05-03 12:47:38,9.45515941676104
"360",2021-05-03,"12:48:42",81,"head",20.87,0.32,0.0537,23.9,43.7,2021-05-03 12:48:42,9.45515941676104
"361",2021-05-03,"12:51:19",81,"dewl",15.7,0.41,0.2441071,23.8,43.9,2021-05-03 12:51:19,9.44460592202824
"362",2021-05-03,"12:53:13",81,"mite",14.5,0.43,0.1068348,23.9,43.7,2021-05-03 12:53:13,9.45515941676104
"363",2021-05-03,"12:55:42",82,"dors",21.29,0.35,0,23.9,43.7,2021-05-03 12:55:42,9.45515941676104
"364",2021-05-03,"12:56:29",82,"vent",44.98,0.15,0,24,43.7,2021-05-03 12:56:29,9.50900437884862
"365",2021-05-03,"12:58:34",82,"head",15.59,0.41,0.199035,24.2,43.5,2021-05-03 12:58:34,9.57347358621358
"366",2021-05-03,"13:00:09",82,"dewl",18.97,0.38,0.140719,24.2,43.6,2021-05-03 13:00:09,9.59548157146924
"367",2021-05-03,"13:02:31",82,"mite",17.68,0.42,0.2277036,24.3,43.8,2021-05-03 13:02:31,9.6942649578882
"368",2021-05-03,"13:04:30",83,"dors",24.21,0.25,0,24.3,43.9,2021-05-03 13:04:30,9.71639798290622
"369",2021-05-03,"13:06:37",83,"vent",21.29,0.32,0.2946524,24.4,43.8,2021-05-03 13:06:37,9.7493009576698
"370",2021-05-03,"13:07:31",83,"head",27.23,0.24,0.0173,24.4,43.8,2021-05-03 13:07:31,9.7493009576698
"371",2021-05-03,"13:10:14",83,"dewl",12.41,0.59,0.4285339,24.3,43.9,2021-05-03 13:10:14,9.71639798290622
"372",2021-05-03,"13:11:59",83,"mite",21.76,0.32,0.1922164,24.4,43.8,2021-05-03 13:11:59,9.7493009576698
"373",2021-05-03,"13:15:11",84,"dors",9.17,0.76,0.0571,24.5,43.5,2021-05-03 13:15:11,9.73745179249589
"374",2021-05-03,"13:16:56",84,"vent",12.26,0.46,0.1177528,24.5,43.6,2021-05-03 13:16:56,9.75983673914531
"375",2021-05-03,"13:18:32",84,"head",35.79,0.18,0,24.3,44,2021-05-03 13:18:32,9.73853100792423
"376",2021-05-03,"13:20:48",84,"dewl",13.33,0.56,0.3780326,24.3,44.1,2021-05-03 13:20:48,9.76066403294224
"377",2021-05-03,"13:23:02",84,"mite",3.41,2.01,0.3196208,24.5,43.7,2021-05-03 13:23:02,9.78222168579473
"378",2021-05-03,"14:06:36",85,"dors",4,1.7,0.0808237,24.8,42.9,2021-05-03 14:06:36,9.7672454223216
"379",2021-05-03,"14:09:05",85,"vent",7.11,1.03,0.2264546,24.7,42.9,2021-05-03 14:09:05,9.71227731882464
"380",2021-05-03,"14:10:35",85,"head",32.96,0.22,0,24.6,43,2021-05-03 14:10:35,9.68008840866141
"381",2021-05-03,"14:11:24",85,"dewl",54.54,0.1,8.59e-06,24.7,42.9,2021-05-03 14:11:24,9.71227731882464
"382",2021-05-03,"14:12:37",85,"mite",24.05,0.29,0.1111734,24.8,42.8,2021-05-03 14:12:37,9.74447795047469
"383",2021-05-03,"14:14:41",86,"dors",18,0.37,6e-04,24.7,43,2021-05-03 14:14:41,9.73491665989416
"384",2021-05-03,"14:21:04",86,"head",26.8,0.25,0.0471,24.8,42.6,2021-05-03 14:21:04,9.69894300678089
"385",2021-05-03,"14:23:37",86,"dewl",17.16,0.35,0.352126,24.8,42.7,2021-05-03 14:23:37,9.72171047862779
"386",2021-05-03,"14:25:34",86,"mite",19.36,0.33,0.1528683,24.8,43,2021-05-03 14:25:34,9.7900128941685
"387",2021-05-03,"14:28:21",87,"dors",19.32,0.29,0.0244,24.9,42.8,2021-05-03 14:28:21,9.79958573933695
"388",2021-05-03,"14:29:10",87,"vent",43.87,0.16,0,25,42.6,2021-05-03 14:29:10,9.80891120092815
"389",2021-05-03,"14:30:47",87,"head",18.55,0.39,0.1311877,25,42.5,2021-05-03 14:30:47,9.78588558778044
"390",2021-05-03,"14:31:36",87,"dewl",40.62,0.13,0,24.9,42.8,2021-05-03 14:31:36,9.79958573933695
"391",2021-05-03,"14:32:24",87,"mite",46.09,0.16,0,24.9,42.7,2021-05-03 14:32:24,9.77668951097402
"392",2021-05-03,"14:34:45",88,"dors",20.53,0.36,0.00228,24.9,42.8,2021-05-03 14:34:45,9.79958573933695
"393",2021-05-03,"14:35:39",88,"vent",54.07,0.09,2.8e-05,24.9,42.8,2021-05-03 14:35:39,9.79958573933695
"394",2021-05-03,"14:36:34",88,"head",34.75,0.19,0.0232,24.9,43,2021-05-03 14:36:34,9.84537819606282
"395",2021-05-03,"14:37:58",88,"dewl",31.06,0.19,6.95e-06,24.9,42.9,2021-05-03 14:37:58,9.82248196769989
"396",2021-05-03,"14:38:56",88,"mite",37.76,0.16,0.00177,24.9,43.1,2021-05-03 14:38:56,9.86827442442576
"397",2021-05-03,"14:41:08",89,"dors",30.13,0.07,1.41e-05,24.8,43.3,2021-05-03 14:41:08,9.85831530970921
"398",2021-05-03,"14:41:56",89,"vent",44.99,0.12,1.97e-05,25,43.2,2021-05-03 14:41:56,9.94706487981447
"399",2021-05-03,"14:42:45",89,"head",44.3,0.13,1.72e-05,24.9,43.2,2021-05-03 14:42:45,9.8911706527887
"400",2021-05-03,"14:46:23",89,"dewl",35.77,0.16,0.000386,25.1,42.7,2021-05-03 14:46:23,9.88745347163152
"401",2021-05-03,"14:49:03",89,"mite",24.89,0.26,0.2274216,25,42.8,2021-05-03 14:49:03,9.85496242722359
"402",2021-05-03,"14:54:24",90,"dors",23.25,0.25,0.000969,24.9,43.3,2021-05-03 14:54:24,9.91406688115164
"403",2021-05-03,"14:55:21",90,"vent",37.03,0.16,0,25,42.9,2021-05-03 14:55:21,9.87798804037131
"404",2021-05-03,"14:57:26",90,"head",20.32,0.34,0.0231,25,42.8,2021-05-03 14:57:26,9.85496242722359
"405",2021-05-03,"14:59:55",90,"dewl",18.27,0.41,0.2163621,25.1,42.4,2021-05-03 14:59:55,9.81798658541397
"406",2021-05-03,"15:02:17",90,"mite",21.72,0.26,0.2546598,25,42.3,2021-05-03 15:02:17,9.739834361485
"407",2021-05-03,"15:04:47",91,"dors",25.73,0.15,3.59e-05,24.9,42.4,2021-05-03 15:04:47,9.7080008258852
"408",2021-05-03,"15:05:41",91,"vent",40.86,0.13,4.55e-05,25,42.1,2021-05-03 15:05:41,9.69378313518956
"409",2021-05-03,"15:07:10",91,"head",27.2,0.27,0.0644,25.1,41.7,2021-05-03 15:07:10,9.65589718423968
"410",2021-05-03,"15:08:01",91,"dewl",31.84,0.23,3.88e-06,25.1,41.6,2021-05-03 15:08:01,9.6327415555005
"411",2021-05-03,"15:09:51",91,"mite",32.68,0.19,0.0802,25.1,41.6,2021-05-03 15:09:51,9.6327415555005
"412",2021-05-03,"15:13:22",92,"dors",24.84,0.28,2.44e-05,24.9,42,2021-05-03 15:13:22,9.61641591243346
"413",2021-05-03,"15:14:13",92,"vent",38.6,0.04,1.48e-05,25,41.7,2021-05-03 15:14:13,9.60168068259869
"414",2021-05-03,"15:15:18",92,"head",33.58,0.21,0.0174,25,41.7,2021-05-03 15:15:18,9.60168068259869
"415",2021-05-03,"15:17:53",92,"dewl",22.69,0.32,0.2521051,25,41.6,2021-05-03 15:17:53,9.57865506945097
"416",2021-05-03,"15:20:39",92,"mite",25.8,0.26,0.3409283,25.2,41,2021-05-03 15:20:39,9.54737385007911
"417",2021-05-03,"15:22:51",93,"dors",21.52,0.34,0.00632,25.1,41.4,2021-05-03 15:22:51,9.58643029802213
"418",2021-05-03,"15:23:47",93,"vent",39.88,0.16,0,25.1,41.3,2021-05-03 15:23:47,9.56327466928295
"419",2021-05-03,"15:25:12",93,"head",27.47,0.25,0.0529,25.2,41.2,2021-05-03 15:25:12,9.59394640544535
"420",2021-05-03,"15:25:56",93,"dewl",36.42,0.09,8.33e-05,25.1,41.2,2021-05-03 15:25:56,9.54011904054376
"421",2021-05-03,"15:26:43",93,"mite",46.67,0.08,8.64e-05,25.2,41.1,2021-05-03 15:26:43,9.57066012776223
"422",2021-05-03,"15:29:35",94,"dors",20.19,0.37,0.0262,25.1,41,2021-05-03 15:29:35,9.4938077830654
"423",2021-05-03,"15:31:25",94,"vent",20.34,0.37,0.1231439,25.1,40.8,2021-05-03 15:31:25,9.44749652558703
"424",2021-05-03,"15:33:19",94,"mite",17.1,0.4,0.2362404,25.1,40.6,2021-05-03 15:33:19,9.40118526810866
"425",2021-05-03,"15:35:54",95,"dors",20.16,0.25,0.0271,25.2,40.6,2021-05-03 15:35:54,9.45422873934663
"426",2021-05-03,"15:36:42",95,"vent",45.52,0.13,1.87e-05,25.2,40.5,2021-05-03 15:36:42,9.43094246166351
"427",2021-05-03,"15:38:14",95,"head",26.54,0.25,0.1005399,25.1,40.7,2021-05-03 15:38:14,9.42434089684784
"428",2021-05-03,"15:38:59",95,"dewl",44,0.16,0.000132,25.1,40.5,2021-05-03 15:38:59,9.37802963936947
"429",2021-05-03,"15:39:53",95,"mite",62.75,0.09,8.77e-06,25.2,40.3,2021-05-03 15:39:53,9.38436990629727
"430",2021-05-03,"15:41:55",96,"dors",26.27,0.08,3e-05,25.2,40,2021-05-03 15:41:55,9.31451107324791
"431",2021-05-03,"15:42:49",96,"vent",37.15,0.17,4.41e-05,25.3,39.6,2021-05-03 15:42:49,9.27335476313981
"432",2021-05-03,"15:43:47",96,"head",32.05,0.22,0.0147,25.3,39.5,2021-05-03 15:43:47,9.24993720060663
"433",2021-05-03,"15:44:35",96,"dewl",35.15,0.19,2e-06,25.3,39.2,2021-05-03 15:44:35,9.17968451300709
"434",2021-05-03,"15:45:22",96,"mite",38.8,0.13,5.18e-05,25.3,39.2,2021-05-03 15:45:22,9.17968451300709
"435",2021-05-03,"15:48:31",97,"dors",22.38,0.33,0.0286,25.3,39,2021-05-03 15:48:31,9.13284938794073
"436",2021-05-03,"15:49:29",97,"vent",41.2,0.18,0,25.2,39.2,2021-05-03 15:49:29,9.12822085178295
"437",2021-05-03,"15:50:14",97,"head",42.81,0.16,4.32e-05,25.2,39.4,2021-05-03 15:50:14,9.17479340714919
"438",2021-05-03,"15:51:12",97,"dewl",42.1,0.14,3.87e-05,25.3,38.9,2021-05-03 15:51:12,9.10943182540754
"439",2021-05-03,"15:52:19",97,"mite",41.92,0.13,3.2e-05,25.2,38.9,2021-05-03 15:52:19,9.05836201873359
"440",2021-05-03,"15:55:12",98,"dors",20.19,0.37,0.0146,25.2,38.8,2021-05-03 15:55:12,9.03507574105047
"441",2021-05-03,"15:56:05",98,"vent",32.61,0.07,8.46e-06,25.3,38.6,2021-05-03 15:56:05,9.039179137808
"442",2021-05-03,"15:57:11",98,"head",28.15,0.26,0.022,25.3,38.4,2021-05-03 15:57:11,8.99234401274164
"443",2021-05-03,"15:58:00",98,"dewl",32.61,0.16,0.000315,25.2,38.5,2021-05-03 15:58:00,8.96521690800112
"444",2021-05-03,"15:58:55",98,"mite",40.84,0.17,6.36e-07,25.2,38.4,2021-05-03 15:58:55,8.94193063031799
"445",2021-05-03,"16:01:19",99,"dors",22,0.34,0.00256,25.2,38.1,2021-05-03 16:01:19,8.87207179726864
"446",2021-05-03,"16:02:05",99,"vent",33.69,0.09,0,25.2,37.7,2021-05-03 16:02:05,8.77892668653616
"447",2021-05-03,"16:02:56",99,"head",36.67,0.11,3.54e-05,25.1,37.8,2021-05-03 16:02:56,8.75282766341151
"448",2021-05-03,"16:03:42",99,"dewl",45.19,0.1,7.44e-06,25.1,37.9,2021-05-03 16:03:42,8.77598329215069
"449",2021-05-03,"16:04:40",99,"mite",46.74,0.14,0.000115,25.1,37.7,2021-05-03 16:04:40,8.72967203467233
"450",2021-05-10,"13:12:49",100,"dors",36.42,0.19,0,22.4,53.1,2021-05-10 13:12:49,10.5453062343391
"451",2021-05-10,"13:13:37",100,"vent",50.64,0.12,0,22.3,53,2021-05-10 13:13:37,10.465105357223
"452",2021-05-10,"13:14:38",100,"head",39.38,0.17,0.00387,22.3,53,2021-05-10 13:14:38,10.465105357223
"453",2021-05-10,"13:15:25",100,"dewl",55.3,0.12,1.16e-05,22.3,52.9,2021-05-10 13:15:25,10.445359875417
"454",2021-05-10,"13:46:18",100,"mite",20.34,0.35,0.1271301,22.8,52,2021-05-10 13:46:18,10.5666279846677
"455",2021-05-10,"13:36:13",101,"dors",21.71,0.13,2.2e-05,22.6,52.1,2021-05-10 13:36:13,10.4662346040892
"456",2021-05-10,"13:37:55",101,"vent",22.67,0.31,0.0757,22.8,51.5,2021-05-10 13:37:55,10.4650257925074
"457",2021-05-10,"13:39:44",101,"head",21.07,0.32,0.1053696,22.9,51.1,2021-05-10 13:39:44,10.4433839469356
"458",2021-05-10,"13:41:55",101,"dewl",17.72,0.4,0.1990256,22.8,51.7,2021-05-10 13:41:55,10.5056666693715
"459",2021-05-10,"13:43:41",101,"mite",27.83,0.27,0.0702,23,51.2,2021-05-10 13:43:41,10.5238742352931
"460",2021-05-10,"13:49:09",102,"dors",28.56,0.26,7.13e-06,22.9,51.7,2021-05-10 13:49:09,10.5660068504222
"461",2021-05-10,"13:50:06",102,"vent",46.03,0.15,0,22.9,51.4,2021-05-10 13:50:06,10.5046953986789
"462",2021-05-10,"13:52:12",102,"head",26.12,0.28,0.1057823,22.9,51.5,2021-05-10 13:52:12,10.52513254926
"463",2021-05-10,"13:52:57",102,"dewl",39.84,0.05,6.1e-05,23,51.3,2021-05-10 13:52:57,10.5444286771589
"464",2021-05-10,"13:53:41",102,"mite",48.35,0.08,6.32e-05,23,51.1,2021-05-10 13:53:41,10.5033197934273
"465",2021-05-10,"13:55:13",103,"dors",25.81,0.08,9.54e-05,22.9,51.5,2021-05-10 13:55:13,10.52513254926
"466",2021-05-10,"13:56:01",103,"vent",39.38,0.07,8.47e-05,22.9,51.5,2021-05-10 13:56:01,10.52513254926
"467",2021-05-10,"13:57:15",103,"head",33.06,0.22,0.0538,22.9,51.1,2021-05-10 13:57:15,10.4433839469356
"468",2021-05-10,"13:58:00",103,"dewl",43.13,0.11,5.51e-05,23.1,50.9,2021-05-10 13:58:00,10.5222081671755
"469",2021-05-10,"14:00:18",103,"mite",26.08,0.28,0.211564,23,51,2021-05-10 14:00:18,10.4827653515615
"470",2021-05-10,"14:03:06",104,"dors",24.41,0.08,3.7e-05,23,51.1,2021-05-10 14:03:06,10.5033197934273
"471",2021-05-10,"14:05:29",104,"vent",21.33,0.28,0.2692692,23,50.8,2021-05-10 14:05:29,10.4416564678299
"472",2021-05-10,"14:06:43",104,"head",29.5,0.19,0.0321,23,50.9,2021-05-10 14:06:43,10.4622109096957
"473",2021-05-10,"14:07:30",104,"dewl",45.07,0.05,6.42e-05,23.1,50.7,2021-05-10 14:07:30,10.4808635378349
"474",2021-05-10,"14:09:15",104,"mite",19.78,0.38,0.2817361,23.2,50.6,2021-05-10 14:09:15,10.5201303213904
"475",2021-05-10,"14:10:56",105,"dors",30.21,0.07,3.35e-05,23.2,50.5,2021-05-10 14:10:56,10.4993395500043
"476",2021-05-10,"14:12:15",105,"vent",33.52,0.22,0.0311,23.2,50.4,2021-05-10 14:12:15,10.4785487786181
"477",2021-05-10,"14:13:29",105,"head",33.23,0.22,0.0306,23.1,50.6,2021-05-10 14:13:29,10.4601912231646
"478",2021-05-10,"14:15:27",105,"dewl",33.55,0.2,0.1283497,23.1,50.4,2021-05-10 14:15:27,10.418846593824
"479",2021-05-10,"14:18:57",105,"mite",28.48,0.26,0.2145231,23.2,50.3,2021-05-10 14:18:57,10.457758007232
"480",2021-05-10,"14:21:32",106,"dors",25.28,0.24,0.0267,23.3,50.1,2021-05-10 14:21:32,10.4758170207015
"481",2021-05-10,"14:22:48",106,"vent",42.86,0.05,1.08e-05,23.5,49.9,2021-05-10 14:22:48,10.5536848468719
"482",2021-05-10,"14:24:17",106,"head",28.21,0.26,0.0890882,23.4,49.7,2021-05-10 14:24:17,10.4516347397032
"483",2021-05-10,"14:25:03",106,"dewl",46.47,0.13,0,23.4,49.8,2021-05-10 14:25:03,10.4726641858596
"484",2021-05-10,"14:29:24",106,"mite",32.98,0.23,0.0769,23.3,50.1,2021-05-10 14:29:24,10.4758170207015
"485",2021-05-10,"14:32:38",107,"dors",36.27,0.2,1.51e-05,23.4,50.1,2021-05-10 14:32:38,10.5357525243286
"486",2021-05-10,"14:33:26",107,"vent",54.3,0.08,4.33e-06,23.5,49.9,2021-05-10 14:33:26,10.5536848468719
"487",2021-05-10,"14:35:14",107,"head",37.43,0.2,0.1156134,23.4,49.8,2021-05-10 14:35:14,10.4726641858596
"488",2021-05-10,"14:39:37",107,"dewl",42.58,0.16,0.0393,23.5,49.6,2021-05-10 14:39:37,10.4902358397765
"489",2021-05-10,"14:42:11",107,"mite",36.07,0.17,0.4600273,23.6,49.4,2021-05-10 14:42:11,10.5076198177028
"490",2021-05-10,"14:46:39",108,"dors",27.95,0.21,0.000282,23.4,50.3,2021-05-10 14:46:39,10.5778114166413
"491",2021-05-10,"14:47:27",108,"vent",39.73,0.18,0.0011,23.6,49.7,2021-05-10 14:47:27,10.5714312740856
"492",2021-05-10,"14:48:12",108,"head",38.32,0.17,0.000358,23.6,49.5,2021-05-10 14:48:12,10.5288903031638
"493",2021-05-10,"14:52:10",108,"dewl",27.43,0.22,0.0629,23.7,49.3,2021-05-10 14:52:10,10.5462056515506
"494",2021-05-10,"14:53:55",108,"mite",30.81,0.23,0.1605154,23.7,49.2,2021-05-10 14:53:55,10.5248137536772
"495",2021-05-10,"14:57:17",109,"dors",30.92,0.23,0.0297,23.7,49.5,2021-05-10 14:57:17,10.5889894472972
"496",2021-05-10,"14:58:12",109,"vent",52.12,0.11,0,23.6,49.5,2021-05-10 14:58:12,10.5288903031638
"497",2021-05-10,"14:59:48",109,"head",30.85,0.24,0.0615,23.6,49.7,2021-05-10 14:59:48,10.5714312740856
"498",2021-05-10,"15:03:19",109,"head",32.88,0.19,0.0281,23.7,49.5,2021-05-10 15:03:19,10.5889894472972
"499",2021-05-10,"15:06:21",109,"dewl",25.89,0.22,0.3547198,23.7,49.4,2021-05-10 15:06:21,10.5675975494239
"500",2021-05-10,"15:07:06",109,"mite",53.49,0.05,5e-05,23.7,49.4,2021-05-10 15:07:06,10.5675975494239
"501",2021-05-10,"15:09:11",110,"dors",22.64,0.32,0.0833,23.6,49.4,2021-05-10 15:09:11,10.5076198177028
"502",2021-05-10,"15:13:15",110,"vent",23.24,0.31,0.0882,23.6,49.7,2021-05-10 15:13:15,10.5714312740856
"503",2021-05-10,"15:14:03",110,"head",38.24,0.18,2.27e-06,23.7,49.5,2021-05-10 15:14:03,10.5889894472972
"504",2021-05-10,"15:16:32",110,"dewl",18.21,0.39,0.3542307,23.7,49.3,2021-05-10 15:16:32,10.5462056515506
"505",2021-05-10,"15:17:39",110,"mite",39.66,0.18,0.0219,23.7,49.2,2021-05-10 15:17:39,10.5248137536772
"506",2021-05-10,"15:19:43",111,"dors",28.99,0.09,3.69e-05,23.6,49.6,2021-05-10 15:19:43,10.5501607886247
"507",2021-05-10,"15:20:27",111,"vent",42.69,0.15,0.00017,23.6,49.5,2021-05-10 15:20:27,10.5288903031638
"508",2021-05-10,"15:21:38",111,"head",30.38,0.23,0.0384,23.6,49.6,2021-05-10 15:21:38,10.5501607886247
"509",2021-05-10,"15:22:24",111,"dewl",40.03,0.14,0.000226,23.7,49.3,2021-05-10 15:22:24,10.5462056515506
"510",2021-05-10,"15:23:49",111,"mite",28.98,0.25,0.1070511,23.6,49.5,2021-05-10 15:23:49,10.5288903031638
"511",2021-05-10,"15:25:18",112,"dors",28,0.25,7e-04,23.6,49.7,2021-05-10 15:25:18,10.5714312740856
"512",2021-05-10,"15:29:43",112,"vent",23.26,0.31,0.1283721,23.6,49.7,2021-05-10 15:29:43,10.5714312740856
"513",2021-05-10,"15:31:44",112,"head",26.05,0.28,0.1009713,23.8,49,2021-05-10 15:31:44,10.5418152660452
"514",2021-05-10,"15:34:06",112,"dewl",16.2,0.46,0.3555619,23.7,49.2,2021-05-10 15:34:06,10.5248137536772
"515",2021-05-10,"15:36:06",112,"mite",17.19,0.4,0.2209795,23.7,49.3,2021-05-10 15:36:06,10.5462056515506
"516",2021-05-10,"15:37:42",115,"dors",22.43,0.32,0.0129,23.6,49.7,2021-05-10 15:37:42,10.5714312740856
"517",2021-05-10,"15:40:17",115,"vent",20.63,0.29,0.281449,23.7,49.2,2021-05-10 15:40:17,10.5248137536772
"518",2021-05-10,"15:41:33",115,"head",24.92,0.23,0.0568867,23.8,49,2021-05-10 15:41:33,10.5418152660452
"519",2021-05-10,"15:43:41",115,"dewl",16.29,0.43,0.2090893,23.6,49.7,2021-05-10 15:43:41,10.5714312740856
"520",2021-05-10,"15:49:48",115,"mite",22.01,0.32,0.1432397,23.8,49.3,2021-05-10 15:49:48,10.6063569921638
"521",2021-05-10,"15:52:36",116,"dors",20.16,0.34,0.0241,23.7,49.7,2021-05-10 15:52:36,10.6317732430439
"522",2021-05-10,"15:57:00",116,"vent",21.16,0.33,0.1332487,23.7,49.3,2021-05-10 15:57:00,10.5462056515506
"523",2021-05-10,"15:57:43",116,"head",38.83,0.17,4.7e-06,23.7,49.3,2021-05-10 15:57:43,10.5462056515506
"524",2021-05-10,"15:59:44",116,"dewl",17.92,0.4,0.2171547,23.6,49.5,2021-05-10 15:59:44,10.5288903031638
"525",2021-05-10,"16:01:40",116,"mite",17.03,0.44,0.2255701,23.7,49.4,2021-05-10 16:01:40,10.5675975494239
"526",2021-05-10,"16:04:41",119,"dors",18.31,0.37,0.0253,23.8,49.4,2021-05-10 16:04:41,10.62787090087
"527",2021-05-10,"16:05:25",119,"vent",38.46,0.19,0.000249,23.8,49.1,2021-05-10 16:05:25,10.5633291747514
"528",2021-05-10,"16:07:04",119,"head",23.84,0.26,0.1128984,23.6,49.5,2021-05-10 16:07:04,10.5288903031638
"529",2021-05-10,"16:12:02",119,"dewl",13.7,0.55,0.2299365,23.6,49.3,2021-05-10 16:12:02,10.4863493322419
"530",2021-05-10,"16:14:24",119,"mite",14.38,0.48,0.25435,23.6,49.1,2021-05-10 16:14:24,10.44380836132
"531",2021-05-10,"16:17:13",113,"dors",18.71,0.4,0.0437938,23.5,49.5,2021-05-10 16:17:13,10.4690861707447
"532",2021-05-10,"16:18:02",113,"vent",39.72,0.18,1.6e-06,23.5,49.5,2021-05-10 16:18:02,10.4690861707447
"533",2021-05-10,"16:19:24",113,"head",22.89,0.3,0.103665,23.6,49.2,2021-05-10 16:19:24,10.4650788467809
"534",2021-05-10,"16:21:31",113,"dewl",17.22,0.36,0.1828531,23.4,49.5,2021-05-10 16:21:31,10.4095758473905
"535",2021-05-10,"16:23:38",113,"mite",11.48,0.62,0.281363,23.4,49.6,2021-05-10 16:23:38,10.4306052935469
"536",2021-05-10,"16:27:23",114,"dors",20.17,0.34,0.0608337,23.5,49.6,2021-05-10 16:27:23,10.4902358397765
"537",2021-05-10,"16:29:49",114,"vent",21.95,0.33,0.2041533,23.6,49.2,2021-05-10 16:29:49,10.4650788467809
"538",2021-05-10,"16:30:53",114,"head",22.65,0.31,0.0409,23.7,49,2021-05-10 16:30:53,10.4820299579306
"539",2021-05-10,"16:33:18",114,"dewl",13.37,0.52,0.2656123,23.7,49,2021-05-10 16:33:18,10.4820299579306
"540",2021-05-10,"16:35:31",114,"mite",14.62,0.45,0.240061,23.6,49.1,2021-05-10 16:35:31,10.44380836132
"541",2021-05-10,"16:38:19",117,"dors",20.98,0.33,0.0345,23.5,49.4,2021-05-10 16:38:19,10.4479365017129
"542",2021-05-10,"16:39:06",117,"vent",35.13,0.09,3.78e-05,23.7,49,2021-05-10 16:39:06,10.4820299579306
"543",2021-05-10,"16:40:11",117,"head",23.98,0.3,0.0516,23.5,49.3,2021-05-10 16:40:11,10.4267868326811
"544",2021-05-10,"16:42:34",117,"dewl",17.83,0.42,0.2087809,23.5,49.5,2021-05-10 16:42:34,10.4690861707447
"545",2021-05-10,"16:45:00",117,"mite",11.68,0.63,0.3382559,23.6,49.2,2021-05-10 16:45:00,10.4650788467809
"546",2021-05-10,"16:47:14",118,"dors",17.1,0.42,0.0438,23.6,48.9,2021-05-10 16:47:14,10.4012673903981
"547",2021-05-10,"16:47:57",118,"vent",38.4,0.14,5.42e-06,23.6,48.9,2021-05-10 16:47:57,10.4012673903981
"548",2021-05-10,"16:49:35",118,"head",17.51,0.4,0.1420657,23.6,48.9,2021-05-10 16:49:35,10.4012673903981
"549",2021-05-10,"16:51:33",118,"dewl",18,0.4,0.1764081,23.6,48.9,2021-05-10 16:51:33,10.4012673903981
"550",2021-05-10,"16:53:40",118,"mite",14.32,0.5,0.2224362,23.5,49,2021-05-10 16:53:40,10.3633378255856
"551",2021-05-10,"16:56:33",122,"dors",16.75,0.39,0.0463,23.5,49.1,2021-05-10 16:56:33,10.3844874946174
"552",2021-05-10,"16:58:31",122,"vent",18.82,0.3,0.1282854,23.6,49,2021-05-10 16:58:31,10.4225378758591
"553",2021-05-10,"16:59:58",122,"head",20.54,0.33,0.0743,23.5,49.3,2021-05-10 16:59:58,10.4267868326811
"554",2021-05-10,"17:02:12",122,"dewl",17.9,0.41,0.1982849,23.7,49,2021-05-10 17:02:12,10.4820299579306
"555",2021-05-10,"17:04:03",122,"mite",15.64,0.47,0.2021361,23.6,49.1,2021-05-10 17:04:03,10.44380836132
"556",2021-05-10,"17:05:54",120,"dors",18.1,0.35,0.0132,23.5,49.1,2021-05-10 17:05:54,10.3844874946174
"557",2021-05-10,"17:08:35",120,"vent",10.89,0.65,0.3077523,23.5,49.1,2021-05-10 17:08:35,10.3844874946174
"558",2021-05-10,"17:09:44",120,"head",17.25,0.41,0.0508,23.5,49.1,2021-05-10 17:09:44,10.3844874946174
"559",2021-05-10,"17:11:14",120,"dewl",16.56,0.38,0.1085838,23.6,48.9,2021-05-10 17:11:14,10.4012673903981
"560",2021-05-10,"17:13:18",120,"mite",10.9,0.66,0.2399779,23.5,49.1,2021-05-10 17:13:18,10.3844874946174
"561",2021-05-17,"12:35:57",123,"dors",30.91,0.22,6.07e-06,23.4,46.8,2021-05-17 12:35:57,9.84178080116923
"562",2021-05-17,"12:36:53",123,"vent",38.66,0.17,0,23.3,46.9,2021-05-17 12:36:53,9.80670295949905
"563",2021-05-17,"12:37:53",123,"head",30.71,0.19,0.000419,23.4,46.7,2021-05-17 12:37:53,9.82075135501288
"564",2021-05-17,"12:41:55",123,"dewl",17.92,0.37,0.2248195,23.4,46.9,2021-05-17 12:41:55,9.86281024732557
"565",2021-05-17,"12:46:14",123,"mite",16.73,0.41,0.08966,23.5,46.5,2021-05-17 12:46:14,9.83459609979046
"566",2021-05-17,"12:48:44",124,"dors",25.63,0.21,3.2e-05,23.6,46.6,2021-05-17 12:48:44,9.91204622479659
"567",2021-05-17,"12:49:29",124,"vent",45.09,0.13,3.29e-05,23.6,46.4,2021-05-17 12:49:29,9.86950525387471
"568",2021-05-17,"12:50:24",124,"head",20.97,0.3,0.0314,23.6,46.2,2021-05-17 12:50:24,9.82696428295284
"569",2021-05-17,"12:51:07",124,"dewl",38.23,0.16,0.000169,23.6,46.3,2021-05-17 12:51:07,9.84823476841377
"570",2021-05-17,"12:53:22",124,"mite",18.74,0.38,0.3312742,23.6,46.3,2021-05-17 12:53:22,9.84823476841377
"571",2021-05-17,"13:04:49",125,"dors",25.72,0.25,0,23.7,46.5,2021-05-17 13:04:49,9.94723251109739
"572",2021-05-17,"13:12:48",125,"vent",19.25,0.36,0.3684582,24,45.9,2021-05-17 13:12:48,9.98771855810415
"573",2021-05-17,"13:18:20",125,"head",22.52,0.33,0.0884,23.8,46.3,2021-05-17 13:18:20,9.96093973097739
"574",2021-05-17,"13:20:22",125,"dewl",13.03,0.5,0.2215372,23.8,46,2021-05-17 13:20:22,9.89639800485875
"575",2021-05-17,"13:22:22",125,"mite",9.99,0.65,0.2040813,23.9,45.9,2021-05-17 13:22:22,9.93116286565977
"576",2021-05-17,"13:24:32",126,"dors",15.19,0.47,0.0312,23.9,45.8,2021-05-17 13:24:32,9.90952634525528
"577",2021-05-17,"13:31:36",126,"vent",10.68,0.69,0.2222846,24,45.7,2021-05-17 13:31:36,9.94419908726274
"578",2021-05-17,"13:32:23",126,"head",33.67,0.21,0,23.8,45.9,2021-05-17 13:32:23,9.87488409615253
"579",2021-05-17,"13:33:39",126,"dewl",14.22,0.41,0.1540416,24,45.8,2021-05-17 13:33:39,9.96595882268345
"580",2021-05-17,"13:35:36",126,"mite",10.62,0.7,0.3840545,24.1,45.5,2021-05-17 13:35:36,9.95701807787787
"581",2021-05-17,"13:38:57",127,"dors",29.87,0.15,7.1e-05,24,45.8,2021-05-17 13:38:57,9.96595882268345
"582",2021-05-17,"13:39:42",127,"vent",51.46,0.13,3.28e-05,24.1,45.6,2021-05-17 13:39:42,9.97890163409298
"583",2021-05-17,"13:40:47",127,"head",26.46,0.2,0.0742282,24,45.7,2021-05-17 13:40:47,9.94419908726274
"584",2021-05-17,"13:43:07",127,"dewl",12.92,0.54,0.3218417,24.1,45.5,2021-05-17 13:43:07,9.95701807787787
"585",2021-05-17,"13:45:11",127,"mite",15.07,0.4,0.3230112,24,45.7,2021-05-17 13:45:11,9.94419908726274
"586",2021-05-17,"13:50:02",128,"dors",19.44,0.38,0.0155,24.1,45.4,2021-05-17 13:50:02,9.93513452166275
"587",2021-05-17,"13:50:44",128,"vent",37.91,0.09,2.64e-05,24,45.5,2021-05-17 13:50:44,9.90067961642133
"588",2021-05-17,"13:51:47",128,"head",18.01,0.36,0.0719,23.9,45.8,2021-05-17 13:51:47,9.90952634525528
"589",2021-05-17,"13:54:27",128,"dewl",9.35,0.56,0.327725,24.1,45.4,2021-05-17 13:54:27,9.93513452166275
"590",2021-05-17,"13:56:55",128,"mite",13.15,0.56,0.2847817,24.1,45.4,2021-05-17 13:56:55,9.93513452166275
"591",2021-05-17,"13:59:47",129,"dors",14.31,0.51,0.0162,24.1,45.8,2021-05-17 13:59:47,10.0226687465232
"592",2021-05-17,"14:01:54",129,"vent",18.08,0.41,0.1362254,24.1,45.3,2021-05-17 14:01:54,9.91325096544763
"593",2021-05-17,"14:02:38",129,"head",21.73,0.26,0.00721,24,45.5,2021-05-17 14:02:38,9.90067961642133
"594",2021-05-17,"14:03:49",129,"dewl",16.28,0.43,0.0869,23.9,45.7,2021-05-17 14:03:49,9.88788982485079
"595",2021-05-17,"14:05:50",129,"mite",17.2,0.36,0.1702126,24.1,45.4,2021-05-17 14:05:50,9.93513452166275
"596",2021-05-17,"14:07:27",130,"dors",20.45,0.36,0.00052,24.1,45.6,2021-05-17 14:07:27,9.97890163409298
"597",2021-05-17,"14:10:00",130,"vent",22.3,0.27,0.2137618,23.9,45.6,2021-05-17 14:10:00,9.8662533044463
"598",2021-05-17,"14:10:45",130,"head",27.98,0.09,0.00473,24,45.8,2021-05-17 14:10:45,9.96595882268345
"599",2021-05-17,"14:15:02",130,"dewl",25.1,0.26,0.1558571,24.1,45.5,2021-05-17 14:15:02,9.95701807787787
"600",2021-05-17,"14:16:18",130,"mite",49.51,0.09,0.0334,24,45.8,2021-05-17 14:16:18,9.96595882268345
"601",2021-05-17,"14:19:55",131,"dors",26.49,0.11,3.75e-05,24.1,45.4,2021-05-17 14:19:55,9.93513452166275
"602",2021-05-17,"14:21:58",131,"vent",27.86,0.24,0.1656335,24,45.6,2021-05-17 14:21:58,9.92243935184204
"603",2021-05-17,"14:23:01",131,"head",21.73,0.29,0.0433,24.1,45.3,2021-05-17 14:23:01,9.91325096544763
"604",2021-05-17,"14:25:26",131,"dewl",15.78,0.45,0.2472371,24.1,45.2,2021-05-17 14:25:26,9.89136740923252
"605",2021-05-17,"14:27:21",131,"mite",22.32,0.33,0.1714131,24.1,45.1,2021-05-17 14:27:21,9.8694838530174
"606",2021-05-17,"14:28:54",132,"dors",28.04,0.07,6.84e-05,24,45.5,2021-05-17 14:28:54,9.90067961642133
"607",2021-05-17,"14:29:43",132,"vent",32.54,0.09,3.97e-05,24.2,45.2,2021-05-17 14:29:43,9.94760933555986
"608",2021-05-17,"14:30:40",132,"head",29.19,0.25,0.0193,24.1,45.3,2021-05-17 14:30:40,9.91325096544763
"609",2021-05-17,"14:33:20",132,"dewl",18.57,0.36,0.2657457,24.2,45.1,2021-05-17 14:33:20,9.92560135030419
"610",2021-05-17,"14:35:39",132,"mite",23.15,0.3,0.33122,24.2,45.1,2021-05-17 14:35:39,9.92560135030419
"611",2021-05-17,"14:37:44",133,"dors",21.47,0.25,0.0269886,24.1,45.3,2021-05-17 14:37:44,9.91325096544763
"612",2021-05-17,"14:38:32",133,"vent",31,0.18,0.000435,24.1,45.4,2021-05-17 14:38:32,9.93513452166275
"613",2021-05-17,"14:41:19",133,"mite",17.84,0.4,0.2680633,24.2,45.1,2021-05-17 14:41:19,9.92560135030419
"614",2021-05-17,"14:42:40",133,"head",33.46,0.22,0.0164,24.2,45.1,2021-05-17 14:42:40,9.92560135030419
"615",2021-05-17,"14:44:30",133,"dewl",16.02,0.35,0.1654079,24.2,45.1,2021-05-17 14:44:30,9.92560135030419
"616",2021-05-17,"14:46:10",134,"dors",22.9,0.3,0.0026,24.1,45.4,2021-05-17 14:46:10,9.93513452166275
"617",2021-05-17,"14:47:59",134,"vent",23.83,0.24,0.137543,24.1,45.2,2021-05-17 14:47:59,9.89136740923252
"618",2021-05-17,"14:49:28",134,"head",23.8,0.31,0.0896,24.2,45.1,2021-05-17 14:49:28,9.92560135030419
"619",2021-05-17,"14:51:19",134,"dewl",15.16,0.43,0.2138985,24.2,45.1,2021-05-17 14:51:19,9.92560135030419
"620",2021-05-17,"14:53:11",134,"mite",10.07,0.69,0.2150152,24.2,45,2021-05-17 14:53:11,9.90359336504853
"621",2021-05-17,"15:02:09",135,"dors",22.79,0.28,3.27e-06,24.1,45.8,2021-05-17 15:02:09,10.0226687465232
"622",2021-05-17,"15:02:53",135,"vent",29.86,0.04,2.74e-05,24.2,45.5,2021-05-17 15:02:53,10.0136332913268
"623",2021-05-17,"15:03:36",135,"head",32.7,0.17,2e-04,24.2,45.4,2021-05-17 15:03:36,9.99162530607119
"624",2021-05-17,"15:05:38",135,"dewl",14.88,0.48,0.2135247,24.1,45.6,2021-05-17 15:05:38,9.97890163409298
"625",2021-05-17,"15:07:41",135,"mite",21.14,0.35,0.1735784,24.2,45.3,2021-05-17 15:07:41,9.96961732081552
"626",2021-05-17,"15:10:23",136,"dors",16.22,0.46,0.0401,24.1,45.6,2021-05-17 15:10:23,9.97890163409298
"627",2021-05-17,"15:12:36",136,"vent",18.38,0.39,0.1705601,24.2,45.3,2021-05-17 15:12:36,9.96961732081552
"628",2021-05-17,"15:13:48",136,"head",23.89,0.27,0.0383,24.3,45.2,2021-05-17 15:13:48,10.0041273081403
"629",2021-05-17,"15:16:21",136,"dewl",19.22,0.33,0.2132206,24.2,45.6,2021-05-17 15:16:21,10.0356412765825
"630",2021-05-17,"15:18:39",136,"mite",17.18,0.41,0.1920256,24.2,45.6,2021-05-17 15:18:39,10.0356412765825
"631",2021-05-17,"15:21:40",137,"dors",25.43,0.18,0.000368,24.1,46,2021-05-17 15:21:40,10.0664358589534
"632",2021-05-17,"15:24:00",137,"vent",20.02,0.29,0.1878024,24.1,45.6,2021-05-17 15:24:00,9.97890163409298
"633",2021-05-17,"15:25:05",137,"head",22.81,0.24,0.0385,24.2,45.4,2021-05-17 15:25:05,9.99162530607119
"634",2021-05-17,"15:27:26",137,"dewl",18.17,0.37,0.2099369,24.1,45.7,2021-05-17 15:27:26,10.0007851903081
"635",2021-05-17,"15:29:53",137,"mite",19.41,0.38,0.1273339,24.1,45.6,2021-05-17 15:29:53,9.97890163409298
"636",2021-05-17,"15:32:54",138,"dors",19.64,0.36,0.0226384,24.3,45.3,2021-05-17 15:32:54,10.0262603331583
"637",2021-05-17,"15:35:22",138,"vent",24.41,0.28,0.2801074,24.2,45.3,2021-05-17 15:35:22,9.96961732081552
"638",2021-05-17,"15:36:38",138,"head",17.55,0.41,0.0782,24.1,45.2,2021-05-17 15:36:38,9.89136740923252
"639",2021-05-17,"15:39:12",138,"dewl",11.57,0.64,0.2790845,24,45.6,2021-05-17 15:39:12,9.92243935184204
"640",2021-05-17,"15:40:59",138,"mite",10.07,0.66,0.183358,23.9,45.7,2021-05-17 15:40:59,9.88788982485079
"641",2021-05-17,"15:44:01",139,"dors",22.44,0.13,6.48e-05,23.9,45.9,2021-05-17 15:44:01,9.93116286565977
"642",2021-05-17,"15:46:20",139,"vent",18.76,0.36,0.2803388,23.9,45.7,2021-05-17 15:46:20,9.88788982485079
"643",2021-05-17,"15:47:44",139,"head",19.73,0.38,0.0775,24,45.3,2021-05-17 15:47:44,9.85716014557991
"644",2021-05-17,"15:49:28",139,"dewl",16.22,0.45,0.1360414,23.9,45.2,2021-05-17 15:49:28,9.77970722282835
"645",2021-05-17,"15:51:26",139,"mite",20.47,0.34,0.1772662,23.8,45.5,2021-05-17 15:51:26,9.78882846132768
"646",2021-05-17,"15:53:12",140,"dors",24.24,0.27,0.00221,23.8,45.7,2021-05-17 15:53:12,9.8318562787401
"647",2021-05-17,"15:54:47",140,"vent",22.91,0.32,0.0667,23.7,45.7,2021-05-17 15:54:47,9.77609732811077
"648",2021-05-17,"15:55:44",140,"head",22.06,0.33,0.0274,23.7,45.8,2021-05-17 15:55:44,9.7974892259841
"649",2021-05-17,"15:57:03",140,"dewl",24.48,0.29,0.0453,23.9,45.2,2021-05-17 15:57:03,9.77970722282835
"650",2021-05-17,"15:59:24",140,"mite",20.82,0.34,0.2023644,23.7,45.6,2021-05-17 15:59:24,9.75470543023744
"651",2021-05-17,"16:02:30",141,"dors",16.96,0.41,0.0416,23.5,45.9,2021-05-17 16:02:30,9.70769808559961
"652",2021-05-17,"16:04:11",141,"vent",18.29,0.39,0.1094819,23.8,45.4,2021-05-17 16:04:11,9.76731455262146
"653",2021-05-17,"16:04:56",141,"head",24.36,0.3,0.0035,23.8,45.4,2021-05-17 16:04:56,9.76731455262146
"654",2021-05-17,"16:07:17",141,"dewl",12.68,0.58,0.2097556,23.5,46,2021-05-17 16:07:17,9.72884775463142
"655",2021-05-17,"16:08:43",141,"mite",17.37,0.42,0.1090887,23.8,45.6,2021-05-17 16:08:43,9.81034237003389
"656",2021-05-17,"16:10:17",142,"dors",18.4,0.38,0.0139,23.6,45.8,2021-05-17 16:10:17,9.74188234110909
"657",2021-05-17,"16:11:46",142,"vent",18.36,0.4,0.083,23.6,45.5,2021-05-17 16:11:46,9.67807088472628
"658",2021-05-17,"16:12:55",142,"head",18.22,0.36,0.0477,23.6,45.7,2021-05-17 16:12:55,9.72061185564815
"659",2021-05-17,"16:16:04",142,"dewl",10.11,0.71,0.3296795,23.4,45.8,2021-05-17 16:16:04,9.63148633960578
"660",2021-05-17,"16:17:13",142,"mite",14.26,0.5,0.0857,23.5,45.9,2021-05-17 16:17:13,9.70769808559961
"661",2021-05-17,"16:22:11",143,"dors",19.64,0.31,0.0387,23.6,45.4,2021-05-17 16:22:11,9.65680039926534
"662",2021-05-17,"16:23:58",143,"vent",20.17,0.37,0.0903,23.2,46.1,2021-05-17 16:23:58,9.58454560901382
"663",2021-05-17,"16:25:46",143,"head",17.12,0.4,0.0897,23.4,45.9,2021-05-17 16:25:46,9.65251578576212
"664",2021-05-17,"16:27:10",143,"dewl",21.93,0.31,0.0472,23.5,45.7,2021-05-17 16:27:10,9.665398747536
"665",2021-05-17,"16:29:17",143,"mite",12.74,0.55,0.2111349,23.3,46.3,2021-05-17 16:29:17,9.68124407302358
"666",2021-05-17,"16:31:00",144,"dors",22.74,0.15,1.42e-05,23.2,46.3,2021-05-17 16:31:00,9.62612715178611
"667",2021-05-17,"16:33:37",144,"vent",21.47,0.32,0.2317015,23.2,46.3,2021-05-17 16:33:37,9.62612715178611
"668",2021-05-17,"16:34:23",144,"head",24.76,0.08,0.00261,23.2,46.2,2021-05-17 16:34:23,9.60533638039997
"669",2021-05-17,"16:36:18",144,"dewl",15.13,0.48,0.1556348,23.3,46.1,2021-05-17 16:36:18,9.63942444419843
"670",2021-05-17,"16:37:36",144,"mite",21.83,0.33,0.0523,23.2,46,2021-05-17 16:37:36,9.56375483762767
"671",2021-05-17,"16:39:58",145,"dors",22.93,0.27,0.0173,23.2,46,2021-05-17 16:39:58,9.56375483762767
"672",2021-05-17,"16:41:08",145,"vent",25.16,0.28,0.00847,23.1,46.2,2021-05-17 16:41:08,9.55060937767203
"673",2021-05-17,"16:41:55",145,"head",21.21,0.3,0.0246,23,46.5,2021-05-17 16:41:55,9.55781546760019
"674",2021-05-17,"16:43:50",145,"dewl",17.74,0.34,0.1193026,23.4,45.9,2021-05-17 16:43:50,9.65251578576212
"675",2021-05-17,"16:45:28",145,"mite",21.1,0.33,0.0957,23.3,45.9,2021-05-17 16:45:28,9.59760481537327
"676",2021-05-17,"16:47:16",146,"dors",20.61,0.36,0.0222,23.2,46.1,2021-05-17 16:47:16,9.58454560901382
"677",2021-05-17,"16:49:40",146,"vent",20.15,0.35,0.1999646,23,46.4,2021-05-17 16:49:40,9.53726102573438
"678",2021-05-17,"16:50:43",146,"head",27.91,0.26,0.00839,23.2,46.1,2021-05-17 16:50:43,9.58454560901382
"679",2021-05-17,"16:52:38",146,"dewl",19.97,0.37,0.1449578,23.1,46.2,2021-05-17 16:52:38,9.55060937767203
"680",2021-05-17,"16:53:20",146,"mite",53.23,0.12,0.000148,23,46.4,2021-05-17 16:53:20,9.53726102573438
"681",2021-05-17,"16:54:55",147,"dors",23.48,0.31,0.0205,23.1,46.2,2021-05-17 16:54:55,9.55060937767203
"682",2021-05-17,"16:55:38",147,"vent",50.96,0.11,0,23.1,46.1,2021-05-17 16:55:38,9.52993706300174
"683",2021-05-17,"16:56:32",147,"head",28.26,0.26,0.019,23,46.3,2021-05-17 16:56:32,9.51670658386857
"684",2021-05-17,"16:57:36",147,"dewl",28.81,0.23,0.0174,23,46.3,2021-05-17 16:57:36,9.51670658386857
"685",2021-05-17,"16:59:14",147,"mite",29.04,0.25,0.0839,23.1,46.1,2021-05-17 16:59:14,9.52993706300174
"686",2021-05-17,"17:01:32",148,"dors",20.94,0.35,0.0312,23.1,46.1,2021-05-17 17:01:32,9.52993706300174
"687",2021-05-17,"17:02:16",148,"vent",40.04,0.15,4.83e-05,22.9,46.4,2021-05-17 17:02:16,9.48283786962454
"688",2021-05-17,"17:03:24",148,"head",21.99,0.33,0.0516,22.8,46.9,2021-05-17 17:03:24,9.53028562463294
"689",2021-05-17,"17:05:08",148,"dewl",21.17,0.35,0.1499668,23,46.3,2021-05-17 17:05:08,9.51670658386857
"690",2021-05-17,"17:05:48",148,"mite",36.27,0.17,0.000272,22.9,46.7,2021-05-17 17:05:48,9.5441493213678
"691",2021-05-17,"17:07:41",149,"dors",21.72,0.34,0.00889,23,46.5,2021-05-17 17:07:41,9.55781546760019
"692",2021-05-17,"17:08:21",149,"vent",40.51,0.17,9.77e-05,22.9,46.5,2021-05-17 17:08:21,9.50327502020563
"693",2021-05-17,"17:09:23",149,"head",22.99,0.32,0.0426,22.9,46.6,2021-05-17 17:09:23,9.52371217078671
"694",2021-05-17,"17:11:20",149,"dewl",15.57,0.45,0.177683,23.1,46.3,2021-05-17 17:11:20,9.57128169234231
"695",2021-05-17,"17:13:05",149,"mite",9.32,0.79,0.2079774,22.9,46.8,2021-05-17 17:13:05,9.56458647194889
"696",2021-05-17,"17:14:35",150,"dors",19.74,0.31,0.0195,23,46.6,2021-05-17 17:14:35,9.578369909466
"697",2021-05-17,"17:17:11",150,"vent",23.84,0.25,0.2674943,22.7,47,2021-05-17 17:17:11,9.49602242981704
"698",2021-05-17,"17:18:11",150,"head",18.39,0.39,0.0529446,22.9,46.8,2021-05-17 17:18:11,9.56458647194889
"699",2021-05-17,"17:20:34",150,"dewl",9.59,0.65,0.2955185,22.9,46.7,2021-05-17 17:20:34,9.5441493213678
"700",2021-05-17,"17:22:31",150,"mite",13.64,0.53,0.1858649,22.8,46.7,2021-05-17 17:22:31,9.48964474776883
