SeqNo,Date,Time,Comments,Status,Termination,TEWL [g/(m2h)],CV [%],SSWL [g/(m2)],AmbT [C],AmbRH [%],Ice [mg],ProbeSer,FluxCal,BaseCal,Sensor,CapFactor,NPts,Sec/pt,Flux [g/(m2h)]...,,,,,,,,,,,,,,,,,,,,,,,,,,,,,,,,,,,,,,,,,,,,,,,,,,,,,,,,,,,,,,,,,,,,,,,,,,,,,,,,,,,,,,,,,,,,,,,,,,,,,,,,,,,,,,,,,,,,,,,,,,,,,,,,,,,,,,,,,,,,,,,,,,,,,,,,,,,,,,,,,,,,,,,,,,,,,,,,,,,,,,,,,,,,,,,,,,,,,,,,,,,,,,,,,,,,,,,,,,,,,,,,,,,,,,,,,,,,,,,,,,,,,,,,,,,,,,,,,,,,,,,,,,,,,,,,,,,,,,,
1,5/4/21,10:27:58 AM,80_dorsum,Normal,MA|30|150|5|0.075,33.29,0.21,0,23.3,34.6,0.014,203854,0.73,-0.2058104,SOS|-93.66|0.0,0.45,113,0.51,-0.03,-0.02,-0.02,-0.01,0.13,0.31,0.55,0.78,1.11,1.47,1.91,2.35,2.82,3.36,3.96,4.65,5.34,6.06,6.83,7.75,8.66,9.51,10.4,11.35,12.33,13.16,13.99,14.83,15.67,16.45,17.16,17.89,18.61,19.36,20.01,20.61,21.21,21.83,22.36,22.86,23.38,23.84,24.33,24.73,25.15,25.53,25.86,26.27,26.58,26.91,27.22,27.49,27.81,28.06,28.32,28.56,28.81,29.05,29.25,29.45,29.67,29.89,30.05,30.24,30.39,30.54,30.65,30.75,30.86,30.99,31.1,31.22,31.31,31.45,31.56,31.62,31.71,31.82,31.89,31.94,32.04,32.12,32.21,32.24,32.33,32.39,32.47,32.52,32.58,32.66,32.69,32.77,32.78,32.85,32.88,32.9,32.93,32.93,32.97,33,33.03,33.06,33.09,33.17,33.19,33.23,33.27,33.31,33.35,33.34,33.35,33.34,33.36,,,,,,,,,,,,,,,,,,,,,,,,,,,,,,,,,,,,,,,,,,,,,,,,,,,,,,,,,,,,,,,,,,,,,,,,,,,,,,,,,,,,,,,,,,,,,,,,,,,,,,,,,,,,,,,,,,,,,,,,,,,,,,,,,,,,,,,,,,,,,,,,,,,,,,,,,,,,,,,,,,,,,,,
2,5/4/21,10:28:59 AM,80_ventrum,Normal,MA|30|150|5|0.075,41,0.16,1.30E-05,23.5,34.7,0.036,203854,0.73,-0.2058104,SOS|-93.66|0.0,0.45,92,0.51,27.79,26.87,26.05,25.34,24.71,24.18,23.82,23.35,22.87,22.42,22.01,21.67,21.34,21.1,20.98,20.95,21.04,21.2,21.52,21.89,22.32,22.82,23.4,24.02,24.62,25.26,25.91,26.6,27.22,27.86,28.47,29.1,29.72,30.29,30.84,31.35,31.86,32.36,32.81,33.25,33.71,34.17,34.63,35,35.36,35.73,36.04,36.36,36.6,36.89,37.19,37.46,37.71,37.91,38.15,38.35,38.52,38.69,38.84,39,39.14,39.26,39.37,39.46,39.56,39.66,39.8,39.89,40,40.1,40.21,40.25,40.3,40.36,40.45,40.48,40.57,40.64,40.71,40.8,40.8,40.85,40.86,40.94,40.97,40.99,41.02,41.07,41.08,41.05,41.05,41.03,,,,,,,,,,,,,,,,,,,,,,,,,,,,,,,,,,,,,,,,,,,,,,,,,,,,,,,,,,,,,,,,,,,,,,,,,,,,,,,,,,,,,,,,,,,,,,,,,,,,,,,,,,,,,,,,,,,,,,,,,,,,,,,,,,,,,,,,,,,,,,,,,,,,,,,,,,,,,,,,,,,,,,,,,,,,,,,,,,,,,,,,,,,,
3,5/4/21,10:29:58 AM,80_head,Normal,MA|30|150|5|0.075,17.82,0.39,5.36E-02,23.4,35.2,0.052,203854,0.73,-0.2058104,SOS|-93.66|0.0,0.45,93,0.51,37.43,36.39,35.37,34.43,33.5,32.71,32.1,31.42,30.65,29.91,29.26,28.59,27.95,27.31,26.74,26.22,25.74,25.28,24.82,24.4,24.03,23.69,23.32,23,22.74,22.5,22.26,22.05,21.86,21.69,21.53,21.37,21.25,21.09,20.97,20.85,20.74,20.6,20.52,20.44,20.35,20.25,20.15,20.11,20.01,19.93,19.85,19.79,19.74,19.65,19.6,19.54,19.5,19.48,19.41,19.38,19.29,19.25,19.18,19.09,19.02,18.86,18.83,18.78,18.72,18.66,18.61,18.62,18.6,18.53,18.48,18.47,18.42,18.37,18.29,18.25,18.22,18.19,18.15,18.11,18.09,18.03,17.98,17.91,17.91,17.88,17.86,17.87,17.81,17.8,17.75,17.74,17.73,,,,,,,,,,,,,,,,,,,,,,,,,,,,,,,,,,,,,,,,,,,,,,,,,,,,,,,,,,,,,,,,,,,,,,,,,,,,,,,,,,,,,,,,,,,,,,,,,,,,,,,,,,,,,,,,,,,,,,,,,,,,,,,,,,,,,,,,,,,,,,,,,,,,,,,,,,,,,,,,,,,,,,,,,,,,,,,,,,,,,,,,,,,
4,5/4/21,10:30:45 AM,80_dewlap,Normal,MA|30|150|5|0.075,22.99,0.31,3.30E-06,23.5,35.3,0.061,203854,0.73,-0.2058104,SOS|-93.66|0.0,0.45,64,0.51,15.96,15.78,15.58,15.4,15.28,15.18,15.11,15.01,14.94,14.89,14.84,14.81,14.79,14.78,14.86,14.98,15.15,15.36,15.63,15.93,16.23,16.57,16.88,17.22,17.53,17.85,18.2,18.51,18.83,19.1,19.44,19.77,20.04,20.31,20.56,20.84,21.04,21.23,21.38,21.56,21.7,21.84,21.96,22.04,22.18,22.23,22.34,22.42,22.52,22.58,22.62,22.69,22.76,22.8,22.82,22.92,22.96,23.01,23.02,23.05,23.05,23.02,23.03,23.03,,,,,,,,,,,,,,,,,,,,,,,,,,,,,,,,,,,,,,,,,,,,,,,,,,,,,,,,,,,,,,,,,,,,,,,,,,,,,,,,,,,,,,,,,,,,,,,,,,,,,,,,,,,,,,,,,,,,,,,,,,,,,,,,,,,,,,,,,,,,,,,,,,,,,,,,,,,,,,,,,,,,,,,,,,,,,,,,,,,,,,,,,,,,,,,,,,,,,,,,,,,,,,,,,,,,,,,,
5,5/4/21,10:31:33 AM,80_mite,Normal,MA|30|150|5|0.075,23.2,0.07,1.21E-05,23.5,35.5,0.072,203854,0.73,-0.2058104,SOS|-93.66|0.0,0.45,60,0.51,20.62,20.27,19.92,19.59,19.29,19.05,18.9,18.69,18.51,18.36,18.2,18.12,18,17.97,17.98,18.01,18.14,18.26,18.47,18.65,18.87,19.12,19.4,19.67,19.93,20.15,20.41,20.65,20.86,21.05,21.22,21.46,21.64,21.82,21.97,22.12,22.28,22.41,22.49,22.62,22.73,22.81,22.88,22.95,23.02,23.07,23.1,23.16,23.19,23.18,23.19,23.19,23.2,23.19,23.19,23.21,23.25,23.2,23.19,23.19,,,,,,,,,,,,,,,,,,,,,,,,,,,,,,,,,,,,,,,,,,,,,,,,,,,,,,,,,,,,,,,,,,,,,,,,,,,,,,,,,,,,,,,,,,,,,,,,,,,,,,,,,,,,,,,,,,,,,,,,,,,,,,,,,,,,,,,,,,,,,,,,,,,,,,,,,,,,,,,,,,,,,,,,,,,,,,,,,,,,,,,,,,,,,,,,,,,,,,,,,,,,,,,,,,,,,,,,,,,,
6,5/4/21,10:33:26 AM,74_dorsum,Normal,MA|30|150|5|0.075,5.82,1.28,0.0307041,23.6,36,0.086,203854,0.73,-0.2058104,SOS|-93.66|0.0,0.45,90,0.51,7.94,8,8.17,8.38,8.63,8.96,9.24,9.55,9.81,10.06,10.32,10.5,10.65,10.77,10.9,10.99,10.98,10.99,11,10.95,10.86,10.79,10.73,10.59,10.47,10.35,10.22,10.09,9.94,9.82,9.67,9.58,9.45,9.28,9.13,9.01,8.88,8.71,8.6,8.48,8.42,8.29,8.18,8.11,8,7.92,7.79,7.73,7.63,7.55,7.5,7.38,7.3,7.25,7.18,7.09,7.02,6.99,6.92,6.86,6.79,6.76,6.65,6.64,6.62,6.56,6.52,6.44,6.44,6.35,6.26,6.24,6.24,6.2,6.17,6.14,6.14,6.08,6.04,6,5.93,5.9,5.89,5.86,5.83,5.83,5.81,5.76,5.73,5.7,,,,,,,,,,,,,,,,,,,,,,,,,,,,,,,,,,,,,,,,,,,,,,,,,,,,,,,,,,,,,,,,,,,,,,,,,,,,,,,,,,,,,,,,,,,,,,,,,,,,,,,,,,,,,,,,,,,,,,,,,,,,,,,,,,,,,,,,,,,,,,,,,,,,,,,,,,,,,,,,,,,,,,,,,,,,,,,,,,,,,,,,,,,,,,
7,5/4/21,10:34:21 AM,74_ventrum,Normal,MA|30|150|5|0.075,15.09,0.46,4.75E-04,23.7,36.2,0.093,203854,0.73,-0.2058104,SOS|-93.66|0.0,0.45,59,0.51,11.89,11.98,12.15,12.29,12.4,12.52,12.61,12.72,12.8,12.89,13.03,13.07,13.19,13.29,13.38,13.48,13.54,13.66,13.74,13.81,13.91,13.97,14.08,14.17,14.22,14.34,14.4,14.49,14.61,14.72,14.81,14.87,14.91,15,15.02,15.05,15.12,15.17,15.19,15.18,15.2,15.18,15.15,15.12,15.15,15.15,15.16,15.15,15.17,15.16,15.16,15.14,15.12,15.13,15.13,15.03,15.01,15,14.99,,,,,,,,,,,,,,,,,,,,,,,,,,,,,,,,,,,,,,,,,,,,,,,,,,,,,,,,,,,,,,,,,,,,,,,,,,,,,,,,,,,,,,,,,,,,,,,,,,,,,,,,,,,,,,,,,,,,,,,,,,,,,,,,,,,,,,,,,,,,,,,,,,,,,,,,,,,,,,,,,,,,,,,,,,,,,,,,,,,,,,,,,,,,,,,,,,,,,,,,,,,,,,,,,,,,,,,,,,,,,
8,5/4/21,10:35:29 AM,74_head,Normal,MA|30|150|5|0.075,6.93,1.03,4.82E-02,23.7,36.6,0.101,203854,0.73,-0.2058104,SOS|-93.66|0.0,0.45,100,0.51,15.6,15.57,15.45,15.36,15.28,15.2,15.13,15.09,15.06,15.07,15.02,15.02,14.98,14.96,14.89,14.77,14.68,14.54,14.42,14.24,14.08,13.93,13.7,13.51,13.3,13.13,12.93,12.74,12.54,12.35,12.14,11.91,11.73,11.56,11.37,11.21,11.04,10.87,10.73,10.55,10.41,10.27,10.14,10,9.86,9.72,9.58,9.45,9.31,9.2,9.05,8.95,8.86,8.76,8.69,8.61,8.55,8.5,8.44,8.34,8.27,8.19,8.14,8.05,7.98,7.93,7.87,7.81,7.74,7.71,7.67,7.65,7.61,7.62,7.6,7.57,7.53,7.5,7.43,7.36,7.31,7.27,7.27,7.24,7.24,7.23,7.18,7.15,7.09,7.08,7.05,7.02,6.98,6.95,6.92,6.89,6.89,6.85,6.85,6.86,,,,,,,,,,,,,,,,,,,,,,,,,,,,,,,,,,,,,,,,,,,,,,,,,,,,,,,,,,,,,,,,,,,,,,,,,,,,,,,,,,,,,,,,,,,,,,,,,,,,,,,,,,,,,,,,,,,,,,,,,,,,,,,,,,,,,,,,,,,,,,,,,,,,,,,,,,,,,,,,,,,,,,,,,,,,,,,,,,,,
9,5/4/21,10:37:28 AM,74_dewlap,Normal,MA|30|150|5|0.075,4.6,1.49,0.136798,23.8,37.3,0.113,203854,0.73,-0.2058104,SOS|-93.66|0.0,0.45,203,0.51,11.02,11.33,11.57,11.74,11.86,11.98,12.05,12.17,12.3,12.45,12.56,12.68,12.79,12.89,13,13.11,13.22,13.32,13.4,13.53,13.57,13.65,13.69,13.76,13.8,13.84,13.86,13.86,13.89,13.85,13.84,13.77,13.75,13.78,13.72,13.71,13.69,13.65,13.63,13.56,13.48,13.42,13.31,13.27,13.18,13.13,13.04,12.99,12.98,12.92,12.86,12.79,12.73,12.64,12.56,12.48,12.42,12.34,12.26,12.18,12.07,11.98,11.92,11.87,11.81,11.75,11.66,11.61,11.53,11.42,11.33,11.23,11.17,11.1,11.01,10.91,10.86,10.76,10.7,10.63,10.53,10.47,10.36,10.31,10.22,10.14,10.1,10.07,9.99,9.91,9.84,9.73,9.67,9.54,9.49,9.41,9.34,9.29,9.19,9.12,9.07,9.01,8.95,8.88,8.82,8.76,8.7,8.64,8.61,8.54,8.47,8.44,8.36,8.3,8.24,8.16,8.07,8,7.92,7.87,7.78,7.74,7.75,7.69,7.64,7.56,7.5,7.41,7.36,7.3,7.29,7.2,7.17,7.13,7.05,6.99,6.91,6.89,6.84,6.83,6.76,6.76,6.7,6.66,6.58,6.53,6.51,6.42,6.38,6.34,6.34,6.26,6.19,6.11,6.06,6.04,5.99,5.98,5.95,5.93,5.93,5.86,5.84,5.8,5.76,5.74,5.64,5.61,5.57,5.53,5.52,5.52,5.5,5.46,5.43,5.4,5.33,5.32,5.29,5.26,5.23,5.2,5.2,5.11,5.07,5.05,5.01,4.98,4.95,4.93,4.9,4.87,4.82,4.73,4.67,4.64,4.62,4.59,4.58,4.6,4.57,4.53,4.5,,,,,,,,,,,,,,,,,,,,,,,,,,,,,,,,,,,,,,,,,,,,,,,,,,,,,,,,,,,,,,,,,,,,,,,,,,,,,
10,5/4/21,10:39:18 AM,74_mite,Normal,MA|30|150|5|0.075,5.57,0.93,0.1240062,23.9,37.6,0.124,203854,0.73,-0.2058104,SOS|-93.66|0.0,0.45,187,0.51,9.38,10.05,10.58,10.99,11.35,11.54,11.72,11.91,12.09,12.25,12.43,12.62,12.8,12.99,13.16,13.42,13.65,13.83,14.02,14.21,14.42,14.6,14.8,14.97,15.13,15.28,15.38,15.42,15.44,15.45,15.49,15.44,15.48,15.46,15.46,15.48,15.41,15.42,15.38,15.28,15.21,15.11,15.01,14.9,14.74,14.64,14.54,14.42,14.35,14.22,14.16,14.07,13.94,13.85,13.73,13.63,13.52,13.38,13.29,13.18,13.07,12.99,12.88,12.77,12.67,12.56,12.42,12.29,12.19,12.12,12.01,11.94,11.87,11.76,11.66,11.54,11.43,11.31,11.21,11.16,11.1,10.99,10.89,10.8,10.71,10.58,10.48,10.44,10.34,10.29,10.22,10.13,10.07,9.95,9.89,9.77,9.67,9.6,9.53,9.42,9.36,9.27,9.21,9.14,9.04,8.98,8.87,8.83,8.77,8.7,8.66,8.61,8.58,8.5,8.44,8.42,8.33,8.27,8.21,8.19,8.11,8.03,8.01,7.98,7.91,7.87,7.82,7.79,7.74,7.68,7.64,7.58,7.55,7.5,7.45,7.41,7.37,7.33,7.25,7.19,7.11,7.09,7.04,6.99,6.98,6.95,6.95,6.9,6.87,6.83,6.8,6.74,6.66,6.6,6.56,6.5,6.46,6.41,6.39,6.33,6.3,6.25,6.2,6.19,6.17,6.13,6.1,6.09,6.05,6.02,5.97,5.98,5.93,5.9,5.87,5.81,5.78,5.69,5.62,5.58,5.54,5.55,5.54,5.52,5.54,5.54,5.54,,,,,,,,,,,,,,,,,,,,,,,,,,,,,,,,,,,,,,,,,,,,,,,,,,,,,,,,,,,,,,,,,,,,,,,,,,,,,,,,,,,,,,,,,,,,,
11,5/4/21,10:41:17 AM,61_dorsum,Normal,MA|30|150|5|0.075,7.02,1.06,9.33E-03,24,37.9,0.133,203854,0.73,-0.2058104,SOS|-93.66|0.0,0.45,77,0.51,3.71,3.79,3.87,4.05,4.3,4.59,4.99,5.35,5.72,6.15,6.53,6.86,7.19,7.51,7.84,8.04,8.18,8.35,8.47,8.6,8.64,8.74,8.78,8.82,8.84,8.85,8.87,8.82,8.85,8.82,8.77,8.68,8.61,8.54,8.5,8.45,8.44,8.41,8.35,8.32,8.26,8.24,8.19,8.15,8.11,8.07,8.05,7.99,7.91,7.87,7.79,7.79,7.7,7.67,7.62,7.6,7.58,7.53,7.53,7.47,7.46,7.43,7.39,7.33,7.27,7.23,7.17,7.12,7.11,7.08,7.05,7.03,6.99,6.98,6.92,6.94,6.93,,,,,,,,,,,,,,,,,,,,,,,,,,,,,,,,,,,,,,,,,,,,,,,,,,,,,,,,,,,,,,,,,,,,,,,,,,,,,,,,,,,,,,,,,,,,,,,,,,,,,,,,,,,,,,,,,,,,,,,,,,,,,,,,,,,,,,,,,,,,,,,,,,,,,,,,,,,,,,,,,,,,,,,,,,,,,,,,,,,,,,,,,,,,,,,,,,,,,,,,,,,
12,5/4/21,10:42:34 AM,61_ventrum,Normal,MA|30|150|5|0.075,20.52,0.29,0,23.9,38.2,0.144,203854,0.73,-0.2058104,SOS|-93.66|0.0,0.45,60,0.51,14.58,14.59,14.57,14.57,14.56,14.55,14.57,14.54,14.57,14.57,14.6,14.61,14.68,14.77,14.92,15.08,15.25,15.46,15.68,15.96,16.19,16.4,16.64,16.86,17.12,17.32,17.52,17.76,17.95,18.16,18.31,18.49,18.66,18.81,18.99,19.13,19.27,19.4,19.53,19.64,19.72,19.82,19.91,19.95,20.03,20.11,20.16,20.2,20.24,20.34,20.41,20.43,20.48,20.51,20.58,20.55,20.54,20.57,20.55,20.55,,,,,,,,,,,,,,,,,,,,,,,,,,,,,,,,,,,,,,,,,,,,,,,,,,,,,,,,,,,,,,,,,,,,,,,,,,,,,,,,,,,,,,,,,,,,,,,,,,,,,,,,,,,,,,,,,,,,,,,,,,,,,,,,,,,,,,,,,,,,,,,,,,,,,,,,,,,,,,,,,,,,,,,,,,,,,,,,,,,,,,,,,,,,,,,,,,,,,,,,,,,,,,,,,,,,,,,,,,,,
13,5/4/21,10:43:35 AM,61_head,Normal,MA|30|150|5|0.075,8.36,0.88,5.24E-02,24,38.5,0.154,203854,0.73,-0.2058104,SOS|-93.66|0.0,0.45,94,0.51,19.17,18.89,18.68,18.47,18.31,18.16,18.03,17.9,17.79,17.7,17.58,17.49,17.36,17.27,17.11,16.94,16.76,16.55,16.37,16.12,15.82,15.58,15.32,15.07,14.82,14.57,14.4,14.16,13.95,13.76,13.54,13.35,13.15,12.96,12.79,12.6,12.47,12.32,12.15,12.03,11.89,11.75,11.61,11.5,11.4,11.27,11.12,11.02,10.9,10.79,10.68,10.57,10.45,10.35,10.24,10.12,10,9.9,9.83,9.77,9.69,9.61,9.54,9.46,9.41,9.32,9.27,9.22,9.2,9.16,9.14,9.12,9.05,9.05,8.97,8.91,8.86,8.81,8.81,8.74,8.71,8.7,8.63,8.56,8.49,8.43,8.4,8.38,8.38,8.37,8.32,8.32,8.31,8.23,,,,,,,,,,,,,,,,,,,,,,,,,,,,,,,,,,,,,,,,,,,,,,,,,,,,,,,,,,,,,,,,,,,,,,,,,,,,,,,,,,,,,,,,,,,,,,,,,,,,,,,,,,,,,,,,,,,,,,,,,,,,,,,,,,,,,,,,,,,,,,,,,,,,,,,,,,,,,,,,,,,,,,,,,,,,,,,,,,,,,,,,,,
14,5/4/21,10:45:04 AM,61_dewlap,Normal,MA|30|150|5|0.075,12.82,0.44,4.50E-02,24,38.8,0.167,203854,0.73,-0.2058104,SOS|-93.66|0.0,0.45,140,0.51,12.82,13.1,13.38,13.57,13.73,13.87,13.88,14.01,14.09,14.18,14.27,14.33,14.41,14.46,14.52,14.61,14.69,14.8,14.89,15.02,15.13,15.21,15.33,15.47,15.66,15.77,15.88,16.01,16.1,16.18,16.26,16.33,16.41,16.48,16.58,16.66,16.73,16.8,16.84,16.84,16.88,16.84,16.85,16.83,16.84,16.85,16.81,16.84,16.83,16.83,16.83,16.84,16.82,16.8,16.8,16.8,16.65,16.6,16.54,16.51,16.47,16.42,16.4,16.36,16.33,16.28,16.2,16.18,16.14,16.11,16.04,16,15.97,15.91,15.83,15.74,15.71,15.62,15.54,15.47,15.42,15.37,15.3,15.25,15.23,15.14,15.11,15.07,15.02,14.97,14.93,14.89,14.81,14.76,14.68,14.65,14.61,14.56,14.53,14.49,14.48,14.4,14.36,14.31,14.25,14.18,14.11,14.1,14.01,13.95,13.92,13.86,13.77,13.72,13.68,13.64,13.59,13.56,13.58,13.53,13.5,13.46,13.4,13.35,13.27,13.21,13.15,13.12,13.04,13.01,12.92,12.91,12.87,12.78,12.81,12.81,12.85,12.79,12.77,12.76,,,,,,,,,,,,,,,,,,,,,,,,,,,,,,,,,,,,,,,,,,,,,,,,,,,,,,,,,,,,,,,,,,,,,,,,,,,,,,,,,,,,,,,,,,,,,,,,,,,,,,,,,,,,,,,,,,,,,,,,,,,,,,,,,,,,,,,,,,,,
15,5/4/21,10:47:09 AM,61_mite,Normal,MA|30|150|5|0.075,6.63,1.1,0.1908864,24,39.1,0.184,203854,0.73,-0.2058104,SOS|-93.66|0.0,0.45,217,0.51,14.68,14.97,15.13,15.3,15.41,15.43,15.54,15.57,15.58,15.61,15.62,15.74,15.79,15.89,16.11,16.27,16.46,16.63,16.82,17.08,17.25,17.46,17.65,17.81,17.99,18.12,18.25,18.36,18.48,18.59,18.66,18.69,18.73,18.74,18.76,18.76,18.75,18.75,18.79,18.79,18.76,18.72,18.72,18.68,18.57,18.49,18.42,18.33,18.25,18.21,18.11,18.04,17.94,17.86,17.74,17.68,17.6,17.49,17.39,17.28,17.21,17.08,16.97,16.89,16.79,16.69,16.57,16.49,16.37,16.26,16.15,16.05,15.95,15.8,15.71,15.6,15.51,15.34,15.27,15.19,15.06,14.95,14.84,14.78,14.66,14.58,14.52,14.44,14.35,14.27,14.18,14.1,14.03,13.92,13.84,13.76,13.68,13.59,13.52,13.47,13.38,13.25,13.17,13.04,12.9,12.84,12.78,12.76,12.68,12.65,12.6,12.49,12.38,12.29,12.2,12.09,12,11.91,11.85,11.74,11.67,11.61,11.51,11.44,11.36,11.28,11.2,11.09,11.05,10.96,10.91,10.85,10.76,10.71,10.62,10.54,10.43,10.34,10.24,10.15,10.1,10.03,9.98,9.91,9.88,9.83,9.77,9.72,9.66,9.6,9.5,9.46,9.39,9.34,9.31,9.25,9.24,9.21,9.14,9.05,9,8.93,8.88,8.78,8.74,8.69,8.62,8.6,8.55,8.51,8.44,8.43,8.4,8.34,8.29,8.25,8.2,8.11,8.05,8.02,7.96,7.93,7.88,7.88,7.81,7.7,7.66,7.63,7.57,7.49,7.45,7.44,7.41,7.35,7.32,7.3,7.23,7.22,7.12,7.06,7.05,7.02,6.99,6.93,6.9,6.87,6.81,6.73,6.71,6.69,6.67,6.66,6.62,6.62,6.57,6.54,6.52,,,,,,,,,,,,,,,,,,,,,,,,,,,,,,,,,,,,,,,,,,,,,,,,,,,,,,,,,,,,,,,
16,5/4/21,10:53:18 AM,54_dorsum,Normal,MA|30|150|5|0.075,24.05,0.28,3.42E-06,24.2,39.7,0.201,203854,0.73,-0.2058104,SOS|-93.66|0.0,0.45,85,0.51,0.25,0.51,0.8,1.13,1.6,2.12,2.6,3.09,3.61,4.17,4.73,5.26,5.83,6.36,6.93,7.51,8.05,8.61,9.16,9.78,10.4,10.99,11.6,12.2,12.81,13.34,13.85,14.36,14.84,15.32,15.75,16.21,16.67,17.1,17.53,17.87,18.24,18.56,18.85,19.15,19.41,19.68,19.94,20.21,20.44,20.62,20.85,21.07,21.26,21.4,21.56,21.75,21.86,22,22.11,22.25,22.42,22.54,22.71,22.82,22.94,23.02,23.13,23.21,23.26,23.35,23.41,23.52,23.57,23.66,23.72,23.78,23.84,23.87,23.89,23.92,23.98,24,24.03,24.1,24.11,24.11,24.1,24.1,24.1,,,,,,,,,,,,,,,,,,,,,,,,,,,,,,,,,,,,,,,,,,,,,,,,,,,,,,,,,,,,,,,,,,,,,,,,,,,,,,,,,,,,,,,,,,,,,,,,,,,,,,,,,,,,,,,,,,,,,,,,,,,,,,,,,,,,,,,,,,,,,,,,,,,,,,,,,,,,,,,,,,,,,,,,,,,,,,,,,,,,,,,,,,,,,,,,,,,
17,5/4/21,10:54:12 AM,54_ventrum,Normal,MA|30|150|5|0.075,30.7,0.22,0,24.3,39.7,0.215,203854,0.73,-0.2058104,SOS|-93.66|0.0,0.45,73,0.51,19.99,19.58,19.26,18.98,18.77,18.57,18.42,18.26,18.12,17.99,17.85,17.82,17.84,17.94,18.06,18.27,18.6,18.95,19.36,19.71,20.19,20.66,21.11,21.58,22.04,22.55,23,23.49,23.93,24.33,24.76,25.14,25.51,25.82,26.14,26.51,26.76,27.09,27.35,27.6,27.87,28.11,28.35,28.55,28.77,28.94,29.11,29.21,29.32,29.43,29.52,29.64,29.75,29.86,30,30.07,30.16,30.26,30.29,30.37,30.41,30.48,30.54,30.58,30.62,30.67,30.7,30.69,30.69,30.75,30.76,30.79,30.78,,,,,,,,,,,,,,,,,,,,,,,,,,,,,,,,,,,,,,,,,,,,,,,,,,,,,,,,,,,,,,,,,,,,,,,,,,,,,,,,,,,,,,,,,,,,,,,,,,,,,,,,,,,,,,,,,,,,,,,,,,,,,,,,,,,,,,,,,,,,,,,,,,,,,,,,,,,,,,,,,,,,,,,,,,,,,,,,,,,,,,,,,,,,,,,,,,,,,,,,,,,,,,,
18,5/4/21,10:54:59 AM,54_head,Normal,MA|30|150|5|0.075,17.56,0.42,1.76E-02,24.3,39.8,0.226,203854,0.73,-0.2058104,SOS|-93.66|0.0,0.45,65,0.51,26.07,25.3,24.63,24.05,23.63,23.26,22.92,22.53,22.19,21.89,21.56,21.28,21,20.77,20.54,20.33,20.16,19.98,19.82,19.68,19.55,19.43,19.31,19.2,19.11,19.01,18.95,18.89,18.79,18.71,18.66,18.63,18.54,18.47,18.44,18.43,18.37,18.35,18.32,18.32,18.27,18.22,18.2,18.1,18.07,18.01,17.96,17.92,17.87,17.87,17.81,17.79,17.76,17.76,17.73,17.69,17.66,17.62,17.59,17.53,17.51,17.51,17.53,17.5,17.47,,,,,,,,,,,,,,,,,,,,,,,,,,,,,,,,,,,,,,,,,,,,,,,,,,,,,,,,,,,,,,,,,,,,,,,,,,,,,,,,,,,,,,,,,,,,,,,,,,,,,,,,,,,,,,,,,,,,,,,,,,,,,,,,,,,,,,,,,,,,,,,,,,,,,,,,,,,,,,,,,,,,,,,,,,,,,,,,,,,,,,,,,,,,,,,,,,,,,,,,,,,,,,,,,,,,,,,
19,5/4/21,10:57:37 AM,54_dewlap,Normal,MA|30|150|5|0.075,10.28,0.66,0.2321706,24.3,40,0.254,203854,0.73,-0.2058104,SOS|-93.66|0.0,0.45,280,0.51,17.66,17.65,17.65,17.65,17.65,17.65,17.61,17.61,17.63,17.62,17.61,17.61,17.61,17.63,17.63,17.66,17.78,17.89,18.05,18.18,18.37,18.52,18.68,18.87,19.01,19.2,19.33,19.5,19.62,19.76,19.94,20.03,20.17,20.26,20.34,20.37,20.41,20.48,20.52,20.52,20.56,20.59,20.59,20.6,20.62,20.62,20.61,20.64,20.63,20.57,20.55,20.55,20.56,20.44,20.42,20.39,20.39,20.36,20.29,20.27,20.21,20.15,20.07,20.05,20,19.92,19.92,19.87,19.82,19.74,19.71,19.64,19.54,19.49,19.45,19.44,19.36,19.32,19.32,19.28,19.27,19.19,19.16,19.11,19,18.93,18.86,18.83,18.77,18.76,18.73,18.7,18.64,18.58,18.57,18.5,18.49,18.43,18.4,18.39,18.35,18.3,18.28,18.24,18.2,18.11,18.02,18.01,17.93,17.9,17.85,17.83,17.77,17.69,17.61,17.55,17.54,17.48,17.47,17.44,17.44,17.39,17.34,17.29,17.24,17.16,17.11,17.03,16.96,16.92,16.89,16.86,16.79,16.75,16.67,16.6,16.54,16.51,16.46,16.44,16.41,16.34,16.3,16.22,16.15,16.07,16.03,16.01,15.92,15.89,15.84,15.78,15.73,15.67,15.63,15.59,15.54,15.52,15.46,15.42,15.35,15.31,15.26,15.19,15.15,15.12,15.08,15.03,14.98,14.96,14.93,14.87,14.85,14.79,14.77,14.71,14.63,14.57,14.54,14.52,14.46,14.41,14.36,14.34,14.25,14.19,14.12,14.12,14.09,14.06,14.03,13.97,13.98,13.9,13.89,13.86,13.82,13.78,13.69,13.65,13.58,13.51,13.48,13.48,13.44,13.39,13.37,13.34,13.24,13.18,13.12,13.09,13.04,12.99,12.98,12.92,12.87,12.79,12.69,12.63,12.61,12.56,12.51,12.47,12.42,12.35,12.28,12.22,12.16,12.13,12.11,12.05,12,11.99,11.99,11.94,11.88,11.83,11.78,11.73,11.69,11.64,11.62,11.62,11.54,11.5,11.44,11.36,11.33,11.25,11.25,11.22,11.17,11.18,11.09,11.05,10.97,10.91,10.87,10.8,10.78,10.75,10.75,10.71,10.71,10.69,10.64,10.58,10.53,10.49,10.38,10.33,10.31,10.32,10.27,10.29,10.27,10.25,10.2,10.14
20,5/4/21,10:58:29 AM,54_mite,Normal,MA|30|150|5|0.075,23.16,0.07,3.75E-05,24.3,40,0.263,203854,0.73,-0.2058104,SOS|-93.66|0.0,0.45,60,0.51,15.28,15.38,15.42,15.52,15.55,15.53,15.54,15.56,15.64,15.65,15.75,15.84,15.97,16.1,16.29,16.53,16.77,17.04,17.35,17.67,17.95,18.24,18.52,18.87,19.15,19.46,19.73,20.01,20.26,20.5,20.72,20.93,21.15,21.34,21.54,21.68,21.82,22.01,22.16,22.31,22.39,22.56,22.67,22.73,22.78,22.83,22.94,22.98,23.05,23.08,23.14,23.15,23.15,23.17,23.18,23.17,23.17,23.17,23.18,23.13,,,,,,,,,,,,,,,,,,,,,,,,,,,,,,,,,,,,,,,,,,,,,,,,,,,,,,,,,,,,,,,,,,,,,,,,,,,,,,,,,,,,,,,,,,,,,,,,,,,,,,,,,,,,,,,,,,,,,,,,,,,,,,,,,,,,,,,,,,,,,,,,,,,,,,,,,,,,,,,,,,,,,,,,,,,,,,,,,,,,,,,,,,,,,,,,,,,,,,,,,,,,,,,,,,,,,,,,,,,,
21,5/4/21,10:59:59 AM,73_dewlap,Normal,MA|30|150|5|0.075,21.37,0.32,0,24.3,40.1,0.277,203854,0.73,-0.2058104,SOS|-93.66|0.0,0.45,67,0.51,6.73,7.16,7.73,8.28,8.86,9.39,9.79,10.21,10.63,11.09,11.51,11.88,12.24,12.63,13,13.32,13.67,14.02,14.38,14.73,15.04,15.37,15.68,16.01,16.33,16.61,16.89,17.18,17.48,17.71,17.95,18.17,18.38,18.61,18.8,18.98,19.12,19.3,19.47,19.6,19.75,19.93,20.08,20.16,20.31,20.37,20.49,20.54,20.62,20.71,20.79,20.91,20.97,21.04,21.09,21.15,21.19,21.25,21.27,21.31,21.35,21.38,21.42,21.38,21.42,21.43,21.45,,,,,,,,,,,,,,,,,,,,,,,,,,,,,,,,,,,,,,,,,,,,,,,,,,,,,,,,,,,,,,,,,,,,,,,,,,,,,,,,,,,,,,,,,,,,,,,,,,,,,,,,,,,,,,,,,,,,,,,,,,,,,,,,,,,,,,,,,,,,,,,,,,,,,,,,,,,,,,,,,,,,,,,,,,,,,,,,,,,,,,,,,,,,,,,,,,,,,,,,,,,,,,,,,,,,,
22,5/4/21,11:00:43 AM,73_ventrum,Normal,MA|30|150|5|0.075,24.94,0.14,1.74E-05,24.3,40.1,0.288,203854,0.73,-0.2058104,SOS|-93.66|0.0,0.45,60,0.51,21,20.85,20.66,20.48,20.34,20.18,20.09,19.93,19.82,19.69,19.56,19.5,19.44,19.42,19.41,19.47,19.55,19.66,19.8,19.97,20.2,20.38,20.62,20.87,21.1,21.33,21.52,21.79,21.99,22.21,22.44,22.64,22.89,23.07,23.28,23.42,23.56,23.74,23.86,23.97,24.06,24.17,24.28,24.41,24.53,24.62,24.69,24.78,24.83,24.86,24.87,24.91,24.92,24.96,24.96,24.95,24.98,24.96,24.98,24.94,,,,,,,,,,,,,,,,,,,,,,,,,,,,,,,,,,,,,,,,,,,,,,,,,,,,,,,,,,,,,,,,,,,,,,,,,,,,,,,,,,,,,,,,,,,,,,,,,,,,,,,,,,,,,,,,,,,,,,,,,,,,,,,,,,,,,,,,,,,,,,,,,,,,,,,,,,,,,,,,,,,,,,,,,,,,,,,,,,,,,,,,,,,,,,,,,,,,,,,,,,,,,,,,,,,,,,,,,,,,
23,5/4/21,11:01:32 AM,73_head,Normal,MA|30|150|5|0.075,18.45,0.15,4.63E-03,24.3,40.1,0.298,203854,0.73,-0.2058104,SOS|-93.66|0.0,0.45,60,0.51,20.96,20.66,20.46,20.24,20.03,19.91,19.77,19.64,19.51,19.44,19.36,19.26,19.2,19.12,19.12,19.05,19.01,18.99,19.02,19.02,19.02,19.04,19.03,19.06,19.03,19.03,19.01,19,18.89,18.83,18.78,18.77,18.7,18.64,18.62,18.61,18.6,18.58,18.6,18.61,18.62,18.63,18.63,18.62,18.59,18.6,18.59,18.44,18.43,18.46,18.46,18.46,18.43,18.44,18.5,18.47,18.48,18.43,18.44,18.41,,,,,,,,,,,,,,,,,,,,,,,,,,,,,,,,,,,,,,,,,,,,,,,,,,,,,,,,,,,,,,,,,,,,,,,,,,,,,,,,,,,,,,,,,,,,,,,,,,,,,,,,,,,,,,,,,,,,,,,,,,,,,,,,,,,,,,,,,,,,,,,,,,,,,,,,,,,,,,,,,,,,,,,,,,,,,,,,,,,,,,,,,,,,,,,,,,,,,,,,,,,,,,,,,,,,,,,,,,,,
24,5/4/21,11:03:12 AM,73_dewlap,Normal,MA|30|150|5|0.075,15.01,0.47,7.50E-02,24.4,40.1,0.318,203854,0.73,-0.2058104,SOS|-93.66|0.0,0.45,164,0.51,18.71,18.71,18.65,18.61,18.57,18.59,18.55,18.58,18.58,18.58,18.61,18.61,18.61,18.59,18.61,18.62,18.62,18.64,18.76,18.85,18.93,19.04,19.17,19.26,19.38,19.49,19.6,19.71,19.79,19.9,19.99,20.08,20.18,20.24,20.32,20.37,20.4,20.42,20.4,20.42,20.41,20.41,20.39,20.4,20.38,20.38,20.38,20.38,20.39,20.39,20.37,20.37,20.37,20.36,20.35,20.25,20.21,20.17,20.11,20.06,19.99,19.92,19.89,19.83,19.76,19.69,19.66,19.61,19.54,19.47,19.44,19.43,19.36,19.31,19.27,19.22,19.14,19.08,19.01,18.95,18.89,18.82,18.79,18.71,18.65,18.59,18.55,18.49,18.45,18.4,18.39,18.32,18.24,18.19,18.09,18.08,18,17.93,17.9,17.85,17.84,17.74,17.68,17.65,17.57,17.54,17.46,17.43,17.38,17.33,17.28,17.2,17.17,17.09,17.06,16.98,16.95,16.9,16.81,16.74,16.69,16.62,16.53,16.51,16.48,16.47,16.43,16.4,16.37,16.27,16.21,16.15,16.08,16.05,16,15.94,15.9,15.85,15.81,15.75,15.71,15.71,15.67,15.63,15.6,15.59,15.55,15.5,15.47,15.41,15.36,15.28,15.22,15.17,15.13,15.1,15.05,15,15.01,15,14.98,14.95,14.94,14.91,,,,,,,,,,,,,,,,,,,,,,,,,,,,,,,,,,,,,,,,,,,,,,,,,,,,,,,,,,,,,,,,,,,,,,,,,,,,,,,,,,,,,,,,,,,,,,,,,,,,,,,,,,,,,,,,,,,,
25,5/4/21,11:05:31 AM,73_mite,Normal,MA|30|150|5|0.075,8.81,0.85,0.1868999,24.5,40.3,0.339,203854,0.73,-0.2058104,SOS|-93.66|0.0,0.45,229,0.51,17.93,17.94,17.96,17.93,17.93,17.94,17.97,17.99,17.92,17.92,17.97,18,18.12,18.19,18.33,18.45,18.56,18.67,18.82,18.94,19.1,19.18,19.29,19.4,19.48,19.59,19.65,19.72,19.77,19.82,19.86,19.86,19.9,19.93,19.96,19.95,19.94,19.91,19.89,19.83,19.86,19.87,19.8,19.76,19.7,19.66,19.58,19.51,19.42,19.37,19.31,19.24,19.16,19.08,19.03,18.94,18.83,18.76,18.68,18.6,18.49,18.43,18.35,18.24,18.14,18.05,17.95,17.86,17.76,17.67,17.57,17.51,17.44,17.37,17.28,17.2,17.12,17.01,16.95,16.87,16.76,16.66,16.57,16.5,16.35,16.26,16.2,16.13,16.05,15.9,15.86,15.76,15.66,15.61,15.53,15.52,15.45,15.38,15.33,15.23,15.17,15.07,14.98,14.89,14.85,14.76,14.68,14.62,14.54,14.46,14.33,14.3,14.19,14.12,14.03,14,13.95,13.86,13.85,13.75,13.72,13.64,13.61,13.53,13.47,13.42,13.32,13.27,13.21,13.18,13.1,13.07,13.06,12.99,12.91,12.85,12.82,12.73,12.67,12.61,12.54,12.48,12.42,12.4,12.31,12.25,12.22,12.2,12.14,12.06,12.03,11.98,11.9,11.84,11.8,11.76,11.71,11.66,11.61,11.54,11.47,11.41,11.31,11.27,11.2,11.17,11.08,11.07,11.03,10.98,10.93,10.85,10.86,10.82,10.78,10.71,10.7,10.65,10.58,10.52,10.48,10.43,10.35,10.37,10.32,10.29,10.23,10.23,10.23,10.16,10.12,10.07,10.06,9.98,9.89,9.86,9.83,9.78,9.73,9.73,9.73,9.68,9.66,9.65,9.61,9.54,9.49,9.46,9.37,9.31,9.31,9.28,9.22,9.2,9.2,9.15,9.06,9.03,8.98,8.93,8.89,8.87,8.84,8.79,8.8,8.78,8.77,8.72,8.69,,,,,,,,,,,,,,,,,,,,,,,,,,,,,,,,,,,,,,,,,,,,,,,,,,,
26,5/4/21,11:07:47 AM,66_dorsum,Normal,MA|30|150|5|0.075,5.54,1.22,3.04E-02,24.6,40.4,0.349,203854,0.73,-0.2058104,SOS|-93.66|0.0,0.45,116,0.51,1.61,1.66,1.78,2.01,2.31,2.76,3.24,3.82,4.4,5.01,5.64,6.22,6.75,7.21,7.65,8,8.33,8.58,8.79,8.96,9.09,9.22,9.32,9.39,9.45,9.53,9.56,9.58,9.56,9.53,9.52,9.43,9.38,9.31,9.24,9.22,9.13,9.1,9.06,9.05,8.97,8.86,8.83,8.75,8.66,8.58,8.53,8.46,8.37,8.33,8.26,8.2,8.14,8.1,8.02,7.97,7.92,7.83,7.78,7.73,7.7,7.65,7.6,7.55,7.47,7.41,7.38,7.31,7.29,7.28,7.25,7.23,7.17,7.11,7.03,6.94,6.92,6.84,6.81,6.76,6.75,6.73,6.62,6.57,6.55,6.5,6.46,6.44,6.45,6.43,6.35,6.33,6.29,6.26,6.19,6.11,6.05,5.99,5.97,5.92,5.88,5.89,5.88,5.87,5.79,5.7,5.68,5.61,5.58,5.53,5.52,5.53,5.51,5.49,5.48,5.46,,,,,,,,,,,,,,,,,,,,,,,,,,,,,,,,,,,,,,,,,,,,,,,,,,,,,,,,,,,,,,,,,,,,,,,,,,,,,,,,,,,,,,,,,,,,,,,,,,,,,,,,,,,,,,,,,,,,,,,,,,,,,,,,,,,,,,,,,,,,,,,,,,,,,,,,,,,,,,,,,,,,
27,5/4/21,11:09:56 AM,66_ventrum,Normal,MA|30|150|5|0.075,10.79,0.62,0.1467119,24.4,40.6,0.368,203854,0.73,-0.2058104,SOS|-93.66|0.0,0.45,217,0.51,13.34,13.83,14.17,14.42,14.56,14.7,14.87,14.99,15.15,15.33,15.49,15.65,15.77,15.88,16.02,16.13,16.25,16.41,16.54,16.69,16.86,17.07,17.24,17.41,17.61,17.74,17.92,18.02,18.16,18.26,18.33,18.47,18.55,18.66,18.71,18.76,18.83,18.88,18.92,18.93,18.98,19.01,18.99,19,18.99,18.99,19.01,19,18.98,18.97,18.99,18.98,18.97,18.97,18.97,18.97,18.93,18.85,18.8,18.78,18.75,18.68,18.65,18.59,18.56,18.54,18.47,18.46,18.41,18.38,18.3,18.26,18.21,18.13,18.1,18.05,18.05,17.97,17.93,17.91,17.88,17.85,17.78,17.73,17.69,17.64,17.56,17.46,17.41,17.33,17.28,17.21,17.18,17.13,17.09,17.06,17.03,16.97,16.92,16.9,16.83,16.82,16.74,16.7,16.6,16.55,16.52,16.44,16.4,16.37,16.32,16.26,16.18,16.15,16.1,16.05,16.04,15.97,15.93,15.88,15.83,15.78,15.72,15.7,15.67,15.61,15.56,15.47,15.46,15.35,15.3,15.23,15.16,15.11,15,14.94,14.84,14.78,14.66,14.6,14.55,14.5,14.4,14.32,14.27,14.19,14.1,14.01,13.97,13.87,13.82,13.76,13.66,13.6,13.58,13.53,13.45,13.35,13.3,13.25,13.18,13.12,13.05,12.98,12.94,12.85,12.78,12.71,12.64,12.65,12.57,12.53,12.48,12.43,12.38,12.3,12.25,12.21,12.17,12.15,12.12,12.06,12.04,11.98,11.9,11.83,11.77,11.71,11.64,11.61,11.59,11.56,11.53,11.53,11.47,11.4,11.35,11.29,11.24,11.22,11.22,11.21,11.19,11.14,11.11,11.05,10.97,10.9,10.84,10.83,10.8,10.8,10.78,10.8,10.76,10.68,10.69,,,,,,,,,,,,,,,,,,,,,,,,,,,,,,,,,,,,,,,,,,,,,,,,,,,,,,,,,,,,,,,
28,5/4/21,11:11:50 AM,66_head,Normal,MA|30|150|5|0.075,8.92,0.79,1.57E-03,24.6,40.4,0.376,203854,0.73,-0.2058104,SOS|-93.66|0.0,0.45,63,0.51,1.79,1.77,1.73,1.77,1.73,1.75,1.78,1.8,1.88,2.05,2.35,2.71,3.16,3.67,4.18,4.75,5.31,5.83,6.25,6.68,7.13,7.44,7.71,7.97,8.26,8.46,8.59,8.72,8.85,8.98,9.02,9.11,9.21,9.32,9.34,9.36,9.39,9.4,9.41,9.36,9.38,9.38,9.38,9.35,9.33,9.33,9.33,9.33,9.31,9.18,9.15,9.09,9.08,9.01,9,9,8.95,8.95,8.9,8.9,8.85,8.81,8.85,,,,,,,,,,,,,,,,,,,,,,,,,,,,,,,,,,,,,,,,,,,,,,,,,,,,,,,,,,,,,,,,,,,,,,,,,,,,,,,,,,,,,,,,,,,,,,,,,,,,,,,,,,,,,,,,,,,,,,,,,,,,,,,,,,,,,,,,,,,,,,,,,,,,,,,,,,,,,,,,,,,,,,,,,,,,,,,,,,,,,,,,,,,,,,,,,,,,,,,,,,,,,,,,,,,,,,,,,
30,5/4/21,11:18:53 AM,66_dewlap,Normal,MA|30|150|5|0.075,10.59,0.68,1.41E-02,24.6,41.3,0.405,203854,0.73,-0.2058104,SOS|-93.66|0.0,0.45,82,0.51,7,7.77,8.43,8.98,9.38,9.66,9.93,10.2,10.48,10.73,10.98,11.23,11.46,11.71,11.9,12.08,12.24,12.42,12.54,12.68,12.79,12.92,12.94,12.97,12.98,12.95,12.95,12.95,12.96,12.96,12.99,12.93,12.93,12.92,12.9,12.88,12.7,12.66,12.56,12.45,12.39,12.34,12.29,12.22,12.15,12.09,12.07,12.01,11.97,11.89,11.82,11.8,11.75,11.68,11.61,11.58,11.53,11.44,11.37,11.3,11.28,11.21,11.15,11.13,11.1,11.05,11.03,11,10.97,10.9,10.8,10.78,10.7,10.67,10.65,10.62,10.61,10.6,10.55,10.54,10.51,10.47,,,,,,,,,,,,,,,,,,,,,,,,,,,,,,,,,,,,,,,,,,,,,,,,,,,,,,,,,,,,,,,,,,,,,,,,,,,,,,,,,,,,,,,,,,,,,,,,,,,,,,,,,,,,,,,,,,,,,,,,,,,,,,,,,,,,,,,,,,,,,,,,,,,,,,,,,,,,,,,,,,,,,,,,,,,,,,,,,,,,,,,,,,,,,,,,,,,,,,
31,5/4/21,11:20:59 AM,66_mite,Normal,MA|30|150|5|0.075,7.48,0.9,0.1521318,24.6,41.6,0.422,203854,0.73,-0.2058104,SOS|-93.66|0.0,0.45,209,0.51,14.68,14.77,14.91,14.99,15.03,15.07,15.03,15.15,15.2,15.26,15.35,15.43,15.61,15.74,15.89,16.04,16.18,16.36,16.52,16.71,16.84,16.98,17.12,17.24,17.32,17.37,17.47,17.54,17.56,17.56,17.57,17.57,17.53,17.51,17.53,17.56,17.54,17.51,17.52,17.52,17.52,17.49,17.47,17.41,17.35,17.26,17.18,17.12,17.06,16.96,16.88,16.83,16.75,16.7,16.63,16.52,16.48,16.38,16.29,16.18,16.07,15.98,15.87,15.8,15.72,15.6,15.51,15.41,15.31,15.15,15.03,14.96,14.87,14.77,14.67,14.61,14.53,14.4,14.3,14.2,14.09,14.04,13.96,13.89,13.82,13.73,13.65,13.52,13.45,13.33,13.26,13.19,13.09,13.02,12.94,12.89,12.82,12.76,12.71,12.62,12.53,12.42,12.3,12.2,12.11,12.06,11.96,11.92,11.87,11.83,11.79,11.69,11.65,11.61,11.53,11.46,11.39,11.33,11.25,11.18,11.12,11.06,11,10.96,10.95,10.85,10.82,10.72,10.7,10.62,10.55,10.52,10.48,10.43,10.37,10.36,10.29,10.24,10.18,10.14,10.06,9.96,9.92,9.9,9.81,9.78,9.76,9.68,9.63,9.55,9.55,9.49,9.44,9.44,9.4,9.37,9.29,9.28,9.25,9.22,9.15,9.11,9.06,8.97,8.93,8.9,8.82,8.81,8.78,8.75,8.68,8.6,8.62,8.55,8.5,8.48,8.45,8.41,8.37,8.31,8.33,8.28,8.27,8.26,8.22,8.22,8.16,8.12,8.03,7.98,7.92,7.87,7.86,7.86,7.84,7.83,7.81,7.75,7.66,7.6,7.57,7.51,7.48,7.5,7.48,7.49,7.43,7.4,7.39,,,,,,,,,,,,,,,,,,,,,,,,,,,,,,,,,,,,,,,,,,,,,,,,,,,,,,,,,,,,,,,,,,,,,,,