#,Date-Time (PST),Ch: 1 - Temperature   (°C),Ch: 2 - RH   (%),Dew Point   (°C),End of File
1,05/18/2021 10:54:56,23.65,47.04,11.70,
2,05/18/2021 11:24:56,22.80,50.64,12.04,
3,05/18/2021 11:54:56,22.86,49.54,11.77,
4,05/18/2021 12:24:56,22.70,50.60,11.94,
5,05/18/2021 12:54:56,22.86,50.77,12.14,
6,05/18/2021 13:24:56,23.28,49.81,12.24,
7,05/18/2021 13:54:56,23.49,48.91,12.15,
8,05/18/2021 14:24:56,23.64,48.14,12.04,
9,05/18/2021 14:54:56,23.68,47.64,11.93,
10,05/18/2021 15:24:56,23.75,47.47,11.94,
11,05/18/2021 15:54:56,23.82,47.26,11.93,
12,05/18/2021 16:24:56,23.84,47.16,11.92,
13,05/18/2021 16:54:56,23.84,46.90,11.83,
14,05/18/2021 17:24:56,23.82,46.88,11.81,
15,05/18/2021 17:54:56,23.76,46.83,11.74,
16,05/18/2021 18:24:56,23.74,46.58,11.64,
17,05/18/2021 18:54:56,23.59,46.33,11.42,
18,05/18/2021 19:24:56,23.41,46.38,11.27,
19,05/18/2021 19:54:56,23.41,46.97,11.46,
20,05/18/2021 20:24:56,23.66,48.16,12.07,
21,05/18/2021 20:54:56,23.76,47.69,12.02,
22,05/18/2021 21:24:56,23.85,47.19,11.94,
23,05/18/2021 21:54:56,23.87,46.89,11.86,
24,05/18/2021 22:24:56,23.91,45.98,11.60,
25,05/18/2021 22:54:56,23.80,45.29,11.27,
26,05/18/2021 23:24:56,23.80,45.27,11.26,
27,05/18/2021 23:54:56,23.77,44.96,11.14,
28,05/19/2021 00:24:56,23.71,46.13,11.46,
29,05/19/2021 00:54:56,23.82,46.68,11.74,
30,05/19/2021 01:24:56,23.87,46.50,11.73,
31,05/19/2021 01:54:56,23.90,46.29,11.69,
32,05/19/2021 02:24:56,23.95,46.32,11.74,
33,05/19/2021 02:54:56,23.89,46.11,11.63,
34,05/19/2021 03:24:56,23.79,46.12,11.53,
35,05/19/2021 03:54:56,23.76,45.82,11.41,
36,05/19/2021 04:24:56,23.69,45.20,11.14,
37,05/19/2021 04:54:56,23.64,45.01,11.03,
38,05/19/2021 05:24:56,23.70,46.20,11.48,
39,05/19/2021 05:54:56,23.80,46.03,11.51,
40,05/19/2021 06:24:56,23.87,45.43,11.38,
41,05/19/2021 06:54:56,23.94,45.12,11.34,
42,05/19/2021 07:24:56,23.98,44.95,11.32,
43,05/19/2021 07:54:56,24.06,44.45,11.23,
44,05/19/2021 08:24:56,24.08,44.00,11.08,
45,05/19/2021 08:54:56,24.08,43.28,10.84,
46,05/19/2021 09:24:56,24.05,41.99,10.36,
47,05/19/2021 09:54:56,23.88,39.98,9.47,
48,05/19/2021 10:24:56,23.65,40.85,9.58,
49,05/19/2021 10:54:56,23.66,41.87,9.96,
50,05/19/2021 11:24:56,23.69,39.01,8.94,
51,05/19/2021 11:54:56,23.79,38.32,8.76,
52,05/19/2021 12:24:56,23.80,38.09,8.68,
53,05/19/2021 12:54:56,23.86,38.28,8.81,
54,05/19/2021 13:24:56,23.88,38.96,9.09,
55,05/19/2021 13:54:56,23.88,39.16,9.16,
56,05/19/2021 14:24:56,23.84,39.27,9.17,
57,05/19/2021 14:54:56,23.82,39.31,9.16,
58,05/19/2021 15:24:56,23.76,38.68,8.88,
59,05/19/2021 15:54:56,23.58,39.39,8.98,
60,05/19/2021 16:24:56,23.69,39.60,9.16,
61,05/19/2021 16:54:56,23.83,39.88,9.39,
62,05/19/2021 17:24:56,23.84,40.12,9.49,
63,05/19/2021 17:54:56,23.75,40.49,9.55,
64,05/19/2021 18:24:56,23.70,40.57,9.53,
65,05/19/2021 18:54:56,23.68,40.20,9.37,
66,05/19/2021 19:24:56,23.62,40.54,9.45,
67,05/19/2021 19:54:56,23.70,41.22,9.76,
68,05/19/2021 20:24:56,23.84,41.31,9.92,
69,05/19/2021 20:54:56,23.89,41.04,9.87,
70,05/19/2021 21:24:56,23.96,41.16,9.97,
71,05/19/2021 21:54:56,23.95,41.19,9.98,
72,05/19/2021 22:24:56,23.89,41.34,9.98,
73,05/19/2021 22:54:56,23.82,41.28,9.89,
74,05/19/2021 23:24:56,23.65,40.35,9.40,
75,05/19/2021 23:54:56,23.68,40.76,9.58,
76,05/20/2021 00:24:56,23.64,43.71,10.58,
77,05/20/2021 00:54:56,23.68,43.02,10.38,
78,05/20/2021 01:24:56,23.79,42.67,10.36,
79,05/20/2021 01:54:56,23.85,42.47,10.35,
80,05/20/2021 02:24:56,23.87,41.71,10.10,
81,05/20/2021 02:54:56,23.91,41.77,10.16,
82,05/20/2021 03:24:56,23.95,41.68,10.15,
83,05/20/2021 03:54:56,23.84,41.54,10.01,
84,05/20/2021 04:24:56,23.77,41.04,9.77,
85,05/20/2021 04:54:56,23.70,40.50,9.50,
86,05/20/2021 05:24:56,23.69,40.27,9.41,
87,05/20/2021 05:54:56,23.73,39.84,9.29,
88,05/20/2021 06:24:56,23.76,39.19,9.07,
89,05/20/2021 06:54:56,23.77,38.42,8.79,
90,05/20/2021 07:24:56,23.80,38.32,8.77,
91,05/20/2021 07:54:56,23.81,38.24,8.74,
92,05/20/2021 08:24:56,23.77,37.96,8.61,
93,05/20/2021 08:54:56,23.84,37.67,8.55,
94,05/20/2021 09:24:56,23.82,36.95,8.25,
95,05/20/2021 09:54:56,23.81,35.32,7.58,
96,05/20/2021 10:24:56,23.80,33.98,7.00,
97,05/20/2021 10:54:56,23.77,33.73,6.88,
98,05/20/2021 11:24:56,23.72,32.69,6.37,
99,05/20/2021 11:54:56,23.62,32.45,6.18,
100,05/20/2021 12:24:56,23.76,33.59,6.81,
101,05/20/2021 12:54:56,23.67,33.61,6.73,
102,05/20/2021 13:24:56,23.56,34.77,7.13,
103,05/20/2021 13:54:56,23.55,35.42,7.39,
104,05/20/2021 14:24:56,23.53,36.04,7.63,
105,05/20/2021 14:54:56,23.47,36.76,7.87,
106,05/20/2021 15:24:56,23.45,36.84,7.88,
107,05/20/2021 15:54:56,23.42,36.94,7.89,
108,05/20/2021 16:24:56,23.46,36.95,7.94,
109,05/20/2021 16:54:56,23.50,37.09,8.02,
110,05/20/2021 17:24:56,23.52,37.09,8.04,
111,05/20/2021 17:54:56,23.56,37.18,8.11,
112,05/20/2021 18:24:56,23.58,37.23,8.15,
113,05/20/2021 18:54:56,23.64,37.25,8.21,
114,05/20/2021 19:24:56,23.67,37.33,8.27,
115,05/20/2021 19:54:56,23.67,37.41,8.30,
116,05/20/2021 20:24:56,23.68,37.52,8.35,
117,05/20/2021 20:54:56,23.73,37.58,8.42,
118,05/20/2021 21:24:56,23.71,37.66,8.44,
119,05/20/2021 21:54:56,23.73,37.70,8.47,
120,05/20/2021 22:24:56,23.76,37.70,8.50,
121,05/20/2021 22:54:56,23.86,37.35,8.45,
122,05/20/2021 23:24:56,23.87,37.52,8.52,
123,05/20/2021 23:54:56,23.92,37.36,8.51,
124,05/21/2021 00:24:56,23.89,37.28,8.45,
125,05/21/2021 00:54:56,23.90,37.21,8.43,
126,05/21/2021 01:24:56,23.88,37.04,8.34,
127,05/21/2021 01:54:56,23.84,37.12,8.33,
128,05/21/2021 02:24:56,23.85,37.11,8.34,
129,05/21/2021 02:54:56,23.85,37.19,8.37,
130,05/21/2021 03:24:56,23.82,37.25,8.37,
131,05/21/2021 03:54:56,23.79,37.26,8.35,
132,05/21/2021 04:24:56,23.75,37.24,8.31,
133,05/21/2021 04:54:56,23.71,37.19,8.25,
134,05/21/2021 05:24:56,23.66,37.26,8.23,
135,05/21/2021 05:54:56,23.61,37.22,8.18,
136,05/21/2021 06:24:56,23.59,37.16,8.13,
137,05/21/2021 06:54:56,23.52,37.16,8.07,
138,05/21/2021 07:24:56,23.50,37.01,7.99,
139,05/21/2021 07:54:56,23.41,36.98,7.90,
140,05/21/2021 08:24:56,23.42,37.21,8.00,
141,05/21/2021 08:54:56,23.39,37.45,8.07,
142,05/21/2021 09:24:56,23.32,37.63,8.08,
143,05/21/2021 09:54:56,23.27,37.74,8.08,
144,05/21/2021 10:24:56,23.29,37.91,8.16,
145,05/21/2021 10:54:56,23.30,38.00,8.21,
146,05/21/2021 11:24:56,23.29,38.03,8.21,
147,05/21/2021 11:54:56,23.26,38.26,8.27,
148,05/21/2021 12:24:56,23.20,38.35,8.24,
149,05/21/2021 12:54:56,23.20,38.52,8.31,
150,05/21/2021 13:24:56,23.16,38.62,8.32,
151,05/21/2021 13:54:56,23.17,38.70,8.36,
152,05/21/2021 14:24:56,23.10,38.79,8.33,
153,05/21/2021 14:54:56,23.13,38.74,8.34,
154,05/21/2021 15:24:56,23.13,38.89,8.40,
155,05/21/2021 15:54:56,23.18,38.89,8.44,
156,05/21/2021 16:24:56,23.21,38.91,8.47,
157,05/21/2021 16:54:56,23.22,38.89,8.47,
158,05/21/2021 17:24:56,23.25,38.93,8.51,
159,05/21/2021 17:54:56,23.27,38.89,8.52,
160,05/21/2021 18:24:56,23.34,38.88,8.57,
161,05/21/2021 18:54:56,23.37,38.81,8.57,
162,05/21/2021 19:24:56,23.38,38.74,8.56,
163,05/21/2021 19:54:56,23.42,38.72,8.59,
164,05/21/2021 20:24:56,23.44,38.65,8.58,
165,05/21/2021 20:54:56,23.45,38.71,8.61,
166,05/21/2021 21:24:56,23.47,38.72,8.63,
167,05/21/2021 21:54:56,23.51,38.68,8.65,
168,05/21/2021 22:24:56,23.50,38.84,8.70,
169,05/21/2021 22:54:56,23.47,38.85,8.69,
170,05/21/2021 23:24:56,23.49,38.84,8.69,
171,05/21/2021 23:54:56,23.45,38.89,8.68,
172,05/22/2021 00:24:56,23.49,38.90,8.71,
173,05/22/2021 00:54:56,23.50,38.99,8.76,
174,05/22/2021 01:24:56,23.50,39.01,8.76,
175,05/22/2021 01:54:56,23.44,39.07,8.74,
176,05/22/2021 02:24:56,23.41,38.91,8.65,
177,05/22/2021 02:54:56,23.41,38.83,8.62,
178,05/22/2021 03:24:56,23.41,38.68,8.56,
179,05/22/2021 03:54:56,23.36,38.72,8.53,
180,05/22/2021 04:24:56,23.39,38.72,8.56,
181,05/22/2021 04:54:56,23.36,38.69,8.52,
182,05/22/2021 05:24:56,23.32,38.60,8.45,
183,05/22/2021 05:54:56,23.29,38.67,8.45,
184,05/22/2021 06:24:56,23.23,38.61,8.37,
185,05/22/2021 06:54:56,23.22,38.44,8.30,
186,05/22/2021 07:24:56,23.18,38.50,8.29,
187,05/22/2021 07:54:56,23.11,38.56,8.25,
188,05/22/2021 08:24:56,23.13,38.56,8.27,
189,05/22/2021 08:54:56,23.08,38.62,8.24,
190,05/22/2021 09:24:56,23.05,38.66,8.23,
191,05/22/2021 09:54:56,23.02,38.76,8.25,
192,05/22/2021 10:24:56,23.00,38.83,8.25,
193,05/22/2021 10:54:56,22.98,38.93,8.27,
194,05/22/2021 11:24:56,22.94,38.95,8.24,
195,05/22/2021 11:54:56,22.92,38.90,8.21,
196,05/22/2021 12:24:56,22.79,39.10,8.17,
197,05/22/2021 12:54:56,22.77,39.15,8.17,
198,05/22/2021 13:24:56,22.72,39.33,8.20,
199,05/22/2021 13:54:56,22.68,39.55,8.24,
200,05/22/2021 14:24:56,22.70,39.75,8.33,
201,05/22/2021 14:54:56,22.65,39.94,8.36,
202,05/22/2021 15:24:56,22.68,40.07,8.43,
203,05/22/2021 15:54:56,22.67,40.12,8.44,
204,05/22/2021 16:24:56,22.70,40.17,8.49,
205,05/22/2021 16:54:56,22.75,40.26,8.56,
206,05/22/2021 17:24:56,22.75,40.35,8.59,
207,05/22/2021 17:54:56,22.79,40.39,8.65,
208,05/22/2021 18:24:56,22.84,40.49,8.73,
209,05/22/2021 18:54:56,22.91,40.56,8.81,
210,05/22/2021 19:24:56,22.95,40.55,8.85,
211,05/22/2021 19:54:56,22.97,40.62,8.89,
212,05/22/2021 20:24:56,23.00,40.76,8.97,
213,05/22/2021 20:54:56,23.05,40.87,9.05,
214,05/22/2021 21:24:56,23.06,41.00,9.11,
215,05/22/2021 21:54:56,23.06,41.14,9.16,
216,05/22/2021 22:24:56,23.07,41.33,9.24,
217,05/22/2021 22:54:56,23.08,41.55,9.33,
218,05/22/2021 23:24:56,23.06,41.91,9.43,
219,05/22/2021 23:54:56,23.06,42.17,9.53,
220,05/23/2021 00:24:56,23.06,42.43,9.62,
221,05/23/2021 00:54:56,23.11,42.62,9.73,
222,05/23/2021 01:24:56,23.14,42.61,9.76,
223,05/23/2021 01:54:56,23.14,42.45,9.70,
224,05/23/2021 02:24:56,23.14,42.30,9.65,
225,05/23/2021 02:54:56,23.13,42.28,9.63,
226,05/23/2021 03:24:56,23.11,42.20,9.58,
227,05/23/2021 03:54:56,23.10,42.09,9.54,
228,05/23/2021 04:24:56,23.08,42.00,9.49,
229,05/23/2021 04:54:56,23.06,41.91,9.43,
230,05/23/2021 05:24:56,23.06,41.84,9.41,
231,05/23/2021 05:54:56,23.01,41.86,9.38,
232,05/23/2021 06:24:56,23.01,41.73,9.33,
233,05/23/2021 06:54:56,22.99,41.69,9.30,
234,05/23/2021 07:24:56,22.99,41.67,9.29,
235,05/23/2021 07:54:56,22.96,41.70,9.27,
236,05/23/2021 08:24:56,22.95,41.70,9.26,
237,05/23/2021 08:54:56,22.96,41.67,9.26,
238,05/23/2021 09:24:56,22.92,41.63,9.21,
239,05/23/2021 09:54:56,22.91,41.60,9.19,
240,05/23/2021 10:24:56,22.86,41.60,9.15,
241,05/23/2021 10:54:56,22.80,41.71,9.13,
242,05/23/2021 11:24:56,22.73,41.73,9.08,
243,05/23/2021 11:54:56,22.73,41.87,9.13,
244,05/23/2021 12:24:56,22.69,41.95,9.12,
245,05/23/2021 12:54:56,22.65,42.18,9.16,
246,05/23/2021 13:24:56,22.64,42.25,9.18,
247,05/23/2021 13:54:56,22.61,42.43,9.21,
248,05/23/2021 14:24:56,22.58,42.47,9.21,
249,05/23/2021 14:54:56,22.62,42.72,9.32,
250,05/23/2021 15:24:56,22.63,42.77,9.35,
251,05/23/2021 15:54:56,22.67,42.95,9.45,
252,05/23/2021 16:24:56,22.64,43.16,9.49,
253,05/23/2021 16:54:56,22.71,43.38,9.64,
254,05/23/2021 17:24:56,22.78,43.60,9.77,
255,05/23/2021 17:54:56,22.78,43.86,9.86,
256,05/23/2021 18:24:56,22.83,44.09,9.99,
257,05/23/2021 18:54:56,22.90,44.11,10.05,
258,05/23/2021 19:24:56,22.91,44.10,10.06,
259,05/23/2021 19:54:56,22.94,44.21,10.13,
260,05/23/2021 20:24:56,22.97,44.17,10.14,
261,05/23/2021 20:54:56,23.03,44.17,10.20,
262,05/23/2021 21:24:56,23.05,44.18,10.21,
263,05/23/2021 21:54:56,23.06,44.23,10.24,
264,05/23/2021 22:24:56,23.08,44.28,10.27,
265,05/23/2021 22:54:56,23.08,44.37,10.31,
266,05/23/2021 23:24:56,23.18,44.48,10.44,
267,05/23/2021 23:54:56,23.22,44.35,10.43,
268,05/24/2021 00:24:56,23.24,44.33,10.44,
269,05/24/2021 00:54:56,23.24,44.28,10.42,
270,05/24/2021 01:24:56,23.22,44.32,10.41,
271,05/24/2021 01:54:56,23.21,44.28,10.39,
272,05/24/2021 02:24:56,23.23,44.21,10.39,
273,05/24/2021 02:54:56,23.22,44.21,10.38,
274,05/24/2021 03:24:56,23.22,44.14,10.35,
275,05/24/2021 03:54:56,23.21,44.09,10.33,
276,05/24/2021 04:24:56,23.16,44.08,10.28,
277,05/24/2021 04:54:56,23.17,44.01,10.27,
278,05/24/2021 05:24:56,23.16,44.03,10.27,
279,05/24/2021 05:54:56,23.15,43.78,10.17,
280,05/24/2021 06:24:56,23.13,43.68,10.12,
281,05/24/2021 06:54:56,23.09,43.56,10.04,
282,05/24/2021 07:24:56,23.06,43.34,9.93,
283,05/24/2021 07:54:56,23.01,43.17,9.84,
284,05/24/2021 08:24:56,22.98,42.85,9.70,
285,05/24/2021 08:54:56,22.94,42.40,9.50,
286,05/24/2021 09:24:56,22.86,42.30,9.40,
287,05/24/2021 09:54:56,22.86,42.21,9.37,
288,05/24/2021 10:24:56,22.84,42.13,9.32,
289,05/24/2021 10:54:56,22.84,42.12,9.32,
290,05/24/2021 11:24:56,22.81,41.80,9.17,
291,05/24/2021 11:54:56,22.82,41.71,9.15,
292,05/24/2021 12:24:56,22.84,42.21,9.35,
293,05/24/2021 12:54:56,22.87,42.54,9.49,
294,05/24/2021 13:24:56,22.94,43.17,9.77,
295,05/24/2021 13:54:56,23.00,43.64,9.99,
296,05/24/2021 14:24:56,23.01,43.86,10.07,
297,05/24/2021 14:54:56,23.01,43.64,10.00,
298,05/24/2021 15:24:56,23.09,43.14,9.90,
299,05/24/2021 15:54:56,23.16,43.13,9.96,
300,05/24/2021 16:24:56,23.26,42.78,9.92,
301,05/24/2021 16:54:56,23.34,42.71,9.97,
302,05/24/2021 17:24:56,23.41,43.05,10.15,
303,05/24/2021 17:54:56,23.49,43.41,10.35,
304,05/24/2021 18:24:56,23.53,43.93,10.57,
305,05/24/2021 18:54:56,23.53,44.26,10.67,
306,05/24/2021 19:24:56,23.65,43.91,10.66,
307,05/24/2021 19:54:56,23.73,43.66,10.66,
308,05/24/2021 20:24:56,23.80,43.44,10.64,
309,05/24/2021 20:54:56,23.84,43.38,10.65,
310,05/24/2021 21:24:56,23.87,43.35,10.68,
311,05/24/2021 21:54:56,23.87,43.26,10.64,
312,05/24/2021 22:24:56,23.96,43.18,10.69,
313,05/24/2021 22:54:56,23.98,43.09,10.68,
314,05/24/2021 23:24:56,24.01,43.05,10.70,
315,05/24/2021 23:54:56,24.01,42.95,10.66,
316,05/25/2021 00:24:56,24.06,42.90,10.69,
317,05/25/2021 00:54:56,24.06,42.67,10.61,
318,05/25/2021 01:24:56,24.05,42.64,10.59,
319,05/25/2021 01:54:56,24.09,42.09,10.42,
320,05/25/2021 02:24:56,24.09,41.87,10.35,
321,05/25/2021 02:54:56,24.10,41.64,10.27,
322,05/25/2021 03:24:56,24.16,41.49,10.28,
323,05/25/2021 03:54:56,24.11,41.25,10.14,
324,05/25/2021 04:24:56,24.10,41.05,10.06,
325,05/25/2021 04:54:56,24.10,40.88,10.00,
326,05/25/2021 05:24:56,24.08,40.67,9.90,
327,05/25/2021 05:54:56,24.10,40.44,9.84,
328,05/25/2021 06:24:56,24.06,40.40,9.79,
329,05/25/2021 06:54:56,24.09,40.19,9.74,
330,05/25/2021 07:24:56,24.10,40.18,9.74,
331,05/25/2021 07:54:56,24.06,40.52,9.84,
332,05/25/2021 08:24:56,24.10,40.47,9.85,
333,05/25/2021 08:54:56,24.08,40.19,9.73,
334,05/25/2021 09:24:56,24.05,39.69,9.52,
335,05/25/2021 09:54:56,24.09,39.72,9.56,
336,05/25/2021 10:24:56,24.06,39.78,9.56,
337,05/25/2021 10:54:56,24.06,39.73,9.54,
338,05/25/2021 11:24:56,24.10,39.89,9.63,
339,05/25/2021 11:54:56,24.12,40.10,9.73,
340,05/25/2021 12:24:56,24.13,40.23,9.79,
341,05/25/2021 12:54:56,24.17,41.06,10.13,
342,05/25/2021 13:24:56,24.19,41.74,10.40,
343,05/25/2021 13:54:56,24.23,41.76,10.43,
344,05/25/2021 14:24:56,24.27,41.85,10.50,
345,05/25/2021 14:54:56,24.29,41.99,10.57,
346,05/25/2021 15:24:56,24.31,41.74,10.50,
347,05/25/2021 15:54:56,24.34,41.68,10.51,
348,05/25/2021 16:24:56,24.38,41.58,10.50,
349,05/25/2021 16:54:56,24.47,41.47,10.55,
350,05/25/2021 17:24:56,24.50,41.57,10.61,
351,05/25/2021 17:54:56,24.55,41.56,10.65,
352,05/25/2021 18:24:56,24.56,41.72,10.72,
353,05/25/2021 18:54:56,24.57,41.82,10.76,
354,05/25/2021 19:24:56,24.60,41.91,10.82,
355,05/25/2021 19:54:56,24.63,41.91,10.85,
356,05/25/2021 20:24:56,24.69,41.98,10.93,
357,05/25/2021 20:54:56,24.69,41.95,10.91,
358,05/25/2021 21:24:56,24.73,41.87,10.92,
359,05/25/2021 21:54:56,24.74,41.93,10.95,
360,05/25/2021 22:24:56,24.75,41.94,10.97,
361,05/25/2021 22:54:56,24.68,41.97,10.91,
362,05/25/2021 23:24:56,24.72,41.95,10.94,
363,05/25/2021 23:54:56,24.71,41.85,10.90,
364,05/26/2021 00:24:56,24.68,41.81,10.86,
365,05/26/2021 00:54:56,24.69,41.73,10.84,
366,05/26/2021 01:24:56,24.66,41.68,10.80,
367,05/26/2021 01:54:56,24.66,41.73,10.82,
368,05/26/2021 02:24:56,24.65,41.78,10.83,
369,05/26/2021 02:54:56,24.60,41.94,10.83,
370,05/26/2021 03:24:56,24.59,42.18,10.91,
371,05/26/2021 03:54:56,24.60,42.24,10.94,
372,05/26/2021 04:24:56,24.59,41.51,10.67,
373,05/26/2021 04:54:56,24.57,41.67,10.71,
374,05/26/2021 05:24:56,24.56,41.56,10.66,
375,05/26/2021 05:54:56,24.50,41.65,10.64,
376,05/26/2021 06:24:56,24.48,42.19,10.82,
377,05/26/2021 06:54:56,24.42,42.56,10.89,
378,05/26/2021 07:24:56,24.35,42.92,10.96,
379,05/26/2021 07:54:56,24.30,43.02,10.95,
380,05/26/2021 08:24:56,24.19,43.22,10.92,
381,05/26/2021 08:54:56,24.16,43.48,10.98,
382,05/26/2021 09:24:56,24.16,43.52,10.99,
383,05/26/2021 09:54:56,24.11,43.49,10.94,
384,05/26/2021 10:24:56,24.05,43.48,10.88,
385,05/26/2021 10:54:56,24.00,43.51,10.85,
386,05/26/2021 11:24:56,23.92,43.62,10.82,
387,05/26/2021 11:54:56,23.96,43.56,10.82,
388,05/26/2021 12:24:56,23.90,43.70,10.82,
389,05/26/2021 12:54:56,23.87,43.64,10.77,
390,05/26/2021 13:24:56,23.88,44.07,10.93,
391,05/26/2021 13:54:56,23.82,44.04,10.86,
392,05/26/2021 14:24:56,23.83,43.88,10.82,
393,05/26/2021 14:54:56,23.83,43.93,10.84,
394,05/26/2021 15:24:56,23.86,44.01,10.89,
395,05/26/2021 15:54:56,23.82,44.23,10.93,
396,05/26/2021 16:24:56,23.77,44.18,10.87,
397,05/26/2021 16:54:56,23.82,43.98,10.84,
398,05/26/2021 17:24:56,23.85,43.92,10.85,
399,05/26/2021 17:54:56,23.82,43.95,10.83,
400,05/26/2021 18:24:56,23.86,43.72,10.79,
401,05/26/2021 18:54:56,23.90,43.64,10.80,
402,05/26/2021 19:24:56,23.95,43.50,10.80,
403,05/26/2021 19:54:56,24.01,43.45,10.83,
404,05/26/2021 20:24:56,24.04,43.46,10.87,
405,05/26/2021 20:54:56,24.01,43.44,10.83,
406,05/26/2021 21:24:56,24.08,43.39,10.87,
407,05/26/2021 21:54:56,24.08,43.51,10.91,
408,05/26/2021 22:24:56,24.03,43.53,10.88,
409,05/26/2021 22:54:56,24.05,43.39,10.85,
410,05/26/2021 23:24:56,23.94,43.54,10.80,
411,05/26/2021 23:54:56,23.96,43.50,10.80,
412,05/27/2021 00:24:56,23.97,43.63,10.86,
413,05/27/2021 00:54:56,24.04,43.76,10.97,
414,05/27/2021 01:24:56,24.13,43.52,10.97,
415,05/27/2021 01:54:56,24.15,43.32,10.92,
416,05/27/2021 02:24:56,24.14,43.15,10.85,
417,05/27/2021 02:54:56,24.09,43.17,10.81,
418,05/27/2021 03:24:56,24.11,43.21,10.84,
419,05/27/2021 03:54:56,24.10,43.19,10.82,
420,05/27/2021 04:24:56,24.06,43.22,10.80,
421,05/27/2021 04:54:56,24.03,43.25,10.79,
422,05/27/2021 05:24:56,24.02,43.17,10.75,
423,05/27/2021 05:54:56,24.01,43.33,10.79,
424,05/27/2021 06:24:56,23.94,44.22,11.03,
425,05/27/2021 06:54:56,23.90,44.58,11.12,
426,05/27/2021 07:24:56,23.85,44.90,11.18,
427,05/27/2021 07:54:56,23.85,45.08,11.24,
428,05/27/2021 08:24:56,23.82,44.70,11.09,
429,05/27/2021 08:54:56,23.76,44.30,10.90,
430,05/27/2021 09:24:56,23.75,44.36,10.91,
431,05/27/2021 09:54:56,23.66,44.03,10.72,
432,05/27/2021 10:24:56,23.62,43.93,10.65,
433,05/27/2021 10:54:56,23.56,44.15,10.67,
434,05/27/2021 11:24:56,23.57,45.00,10.96,
435,05/27/2021 11:54:56,23.53,44.55,10.77,
436,05/27/2021 12:24:56,23.50,44.41,10.70,
437,05/27/2021 12:54:56,23.49,44.41,10.69,
438,05/27/2021 13:24:56,23.47,44.59,10.74,
439,05/27/2021 13:54:56,23.45,44.53,10.70,
440,05/27/2021 14:24:56,23.47,44.53,10.72,
441,05/27/2021 14:54:56,23.47,44.36,10.66,
442,05/27/2021 15:24:56,23.50,44.23,10.64,
443,05/27/2021 15:54:56,23.56,44.33,10.73,
444,05/27/2021 16:24:56,23.57,44.16,10.68,
445,05/27/2021 16:54:56,23.66,44.04,10.72,
446,05/27/2021 17:24:56,23.62,44.23,10.75,
447,05/27/2021 17:54:56,23.72,44.11,10.80,
448,05/27/2021 18:24:56,23.75,44.23,10.87,
449,05/27/2021 18:54:56,23.82,44.17,10.91,
450,05/27/2021 19:24:56,23.90,44.19,10.99,
451,05/27/2021 19:54:56,23.92,44.31,11.05,
452,05/27/2021 20:24:56,23.86,44.53,11.07,
453,05/27/2021 20:54:56,23.77,44.71,11.05,
454,05/27/2021 21:24:56,23.84,44.92,11.18,
455,05/27/2021 21:54:56,23.87,44.90,11.20,
456,05/27/2021 22:24:56,23.91,45.01,11.28,
457,05/27/2021 22:54:56,23.91,44.85,11.22,
458,05/27/2021 23:24:56,23.96,44.90,11.28,
459,05/27/2021 23:54:56,23.98,44.77,11.26,
460,05/28/2021 00:24:56,24.01,44.73,11.27,
461,05/28/2021 00:54:56,23.95,44.69,11.20,
462,05/28/2021 01:24:56,23.96,44.66,11.20,
463,05/28/2021 01:54:56,23.97,44.66,11.21,
464,05/28/2021 02:24:56,23.95,44.70,11.21,
465,05/28/2021 02:54:56,23.94,44.58,11.16,
466,05/28/2021 03:24:56,23.91,44.65,11.16,
467,05/28/2021 03:54:56,23.85,44.74,11.13,
468,05/28/2021 04:24:56,23.84,44.80,11.14,
469,05/28/2021 04:54:56,23.79,45.00,11.16,
470,05/28/2021 05:24:56,23.85,45.04,11.23,
471,05/28/2021 05:54:56,23.91,44.99,11.27,
472,05/28/2021 06:24:56,23.87,44.78,11.16,
473,05/28/2021 06:54:56,23.87,44.49,11.07,
474,05/28/2021 07:24:56,23.86,44.37,11.02,
475,05/28/2021 07:54:56,23.85,44.86,11.17,
476,05/28/2021 08:24:56,23.77,44.83,11.09,
477,05/28/2021 08:54:56,23.64,45.16,11.08,
478,05/28/2021 09:24:56,23.56,45.20,11.02,
479,05/28/2021 09:54:56,23.56,45.27,11.04,
480,05/28/2021 10:24:56,23.43,45.48,11.00,
481,05/28/2021 10:54:56,23.45,45.56,11.04,
482,05/28/2021 11:24:56,23.43,45.65,11.05,
483,05/28/2021 11:54:56,23.41,45.80,11.08,
484,05/28/2021 12:24:56,23.43,47.14,11.54,
485,05/28/2021 12:54:56,23.45,46.80,11.45,
486,05/28/2021 13:24:56,23.40,46.67,11.36,
487,05/28/2021 13:54:56,23.40,46.38,11.27,
488,05/28/2021 14:24:56,23.36,46.43,11.24,
489,05/28/2021 14:54:56,23.34,46.26,11.17,
490,05/28/2021 15:24:56,23.35,46.21,11.16,
491,05/28/2021 15:54:56,23.34,46.29,11.18,
492,05/28/2021 16:24:56,23.38,46.15,11.17,
493,05/28/2021 16:54:56,23.42,45.97,11.15,
494,05/28/2021 17:24:56,23.36,46.02,11.11,
495,05/28/2021 17:54:56,23.46,45.81,11.14,
496,05/28/2021 18:24:56,23.50,45.68,11.12,
497,05/28/2021 18:54:56,23.45,45.76,11.11,
498,05/28/2021 19:24:56,23.53,45.55,11.11,
499,05/28/2021 19:54:56,23.59,45.41,11.12,
500,05/28/2021 20:24:56,23.55,45.46,11.10,
501,05/28/2021 20:54:56,23.58,45.26,11.06,
502,05/28/2021 21:24:56,23.61,45.14,11.05,
503,05/28/2021 21:54:56,23.57,45.24,11.04,
504,05/28/2021 22:24:56,23.60,45.08,11.02,
505,05/28/2021 22:54:56,23.66,45.12,11.08,
506,05/28/2021 23:24:56,23.59,45.28,11.08,
507,05/28/2021 23:54:56,23.64,45.28,11.12,
508,05/29/2021 00:24:56,23.56,45.48,11.11,
509,05/29/2021 00:54:56,23.62,45.28,11.11,
510,05/29/2021 01:24:56,23.58,45.38,11.10,
511,05/29/2021 01:54:56,23.61,45.47,11.16,
512,05/29/2021 02:24:56,23.58,45.53,11.15,
513,05/29/2021 02:54:56,23.49,45.73,11.13,
514,05/29/2021 03:24:56,23.51,45.78,11.17,
515,05/29/2021 03:54:56,23.45,46.06,11.21,
516,05/29/2021 04:24:56,23.41,46.37,11.27,
517,05/29/2021 04:54:56,23.42,46.51,11.33,
518,05/29/2021 05:24:56,23.39,46.68,11.35,
519,05/29/2021 05:54:56,23.34,46.74,11.32,
520,05/29/2021 06:24:56,23.32,46.73,11.31,
521,05/29/2021 06:54:56,23.25,46.68,11.23,
522,05/29/2021 07:24:56,23.25,46.64,11.21,
523,05/29/2021 07:54:56,23.21,46.64,11.17,
524,05/29/2021 08:24:56,23.16,46.70,11.15,
525,05/29/2021 08:54:56,23.14,46.60,11.10,
526,05/29/2021 09:24:56,23.12,46.63,11.09,
527,05/29/2021 09:54:56,23.07,46.77,11.09,
528,05/29/2021 10:24:56,23.06,46.78,11.08,
529,05/29/2021 10:54:56,23.01,46.91,11.08,
530,05/29/2021 11:24:56,22.95,47.14,11.10,
531,05/29/2021 11:54:56,22.98,46.86,11.04,
532,05/29/2021 12:24:56,22.97,46.63,10.95,
533,05/29/2021 12:54:56,22.93,46.44,10.86,
534,05/29/2021 13:24:56,22.95,46.22,10.80,
535,05/29/2021 13:54:56,22.92,46.28,10.79,
536,05/29/2021 14:24:56,22.86,46.21,10.72,
537,05/29/2021 14:54:56,22.92,46.20,10.77,
538,05/29/2021 15:24:56,22.96,46.03,10.75,
539,05/29/2021 15:54:56,22.98,45.95,10.74,
540,05/29/2021 16:24:56,23.02,45.96,10.79,
541,05/29/2021 16:54:56,23.00,46.01,10.78,
542,05/29/2021 17:24:56,23.06,45.86,10.78,
543,05/29/2021 17:54:56,22.95,46.79,10.99,
544,05/29/2021 18:24:56,23.06,46.68,11.05,
545,05/29/2021 18:54:56,23.10,46.62,11.07,
546,05/29/2021 19:24:56,23.11,46.63,11.08,
547,05/29/2021 19:54:56,23.15,46.62,11.12,
548,05/29/2021 20:24:56,23.21,46.60,11.16,
549,05/29/2021 20:54:56,23.23,46.60,11.18,
550,05/29/2021 21:24:56,23.20,46.92,11.25,
551,05/29/2021 21:54:56,23.22,47.01,11.30,
552,05/29/2021 22:24:56,23.23,46.94,11.29,
553,05/29/2021 22:54:56,23.24,47.10,11.35,
554,05/29/2021 23:24:56,23.27,47.24,11.42,
555,05/29/2021 23:54:56,23.23,47.43,11.45,
556,05/30/2021 00:24:56,23.21,47.54,11.46,
557,05/30/2021 00:54:56,23.18,47.49,11.43,
558,05/30/2021 01:24:56,23.22,47.51,11.46,
559,05/30/2021 01:54:56,23.20,47.61,11.47,
560,05/30/2021 02:24:56,23.14,47.74,11.47,
561,05/30/2021 02:54:56,23.12,47.69,11.43,
562,05/30/2021 03:24:56,23.15,47.73,11.47,
563,05/30/2021 03:54:56,23.10,47.96,11.50,
564,05/30/2021 04:24:56,23.10,47.87,11.47,
565,05/30/2021 04:54:56,23.07,47.96,11.47,
566,05/30/2021 05:24:56,23.08,48.04,11.50,
567,05/30/2021 05:54:56,23.06,48.21,11.53,
568,05/30/2021 06:24:56,22.99,48.43,11.55,
569,05/30/2021 06:54:56,23.00,48.43,11.56,
570,05/30/2021 07:24:56,22.97,48.54,11.56,
571,05/30/2021 07:54:56,22.94,48.78,11.61,
572,05/30/2021 08:24:56,22.90,48.99,11.63,
573,05/30/2021 08:54:56,22.92,49.02,11.66,
574,05/30/2021 09:24:56,22.92,49.16,11.70,
575,05/30/2021 09:54:56,22.87,49.30,11.71,
576,05/30/2021 10:24:56,22.87,49.44,11.75,
577,05/30/2021 10:54:56,22.85,49.43,11.73,
578,05/30/2021 11:24:56,22.84,49.42,11.72,
579,05/30/2021 11:54:56,22.76,49.21,11.57,
580,05/30/2021 12:24:56,22.79,49.00,11.54,
581,05/30/2021 12:54:56,22.81,49.02,11.56,
582,05/30/2021 13:24:56,22.73,49.17,11.54,
583,05/30/2021 13:54:56,22.79,49.11,11.57,
584,05/30/2021 14:24:56,22.81,48.97,11.55,
585,05/30/2021 14:54:56,22.81,49.00,11.56,
586,05/30/2021 15:24:56,22.84,48.84,11.54,
587,05/30/2021 15:54:56,22.90,48.68,11.53,
588,05/30/2021 16:24:56,22.91,48.64,11.53,
589,05/30/2021 16:54:56,22.93,48.51,11.51,
590,05/30/2021 17:24:56,23.02,48.38,11.56,
591,05/30/2021 17:54:56,23.10,48.33,11.61,
592,05/30/2021 18:24:56,23.11,48.32,11.62,
593,05/30/2021 18:54:56,23.12,48.17,11.58,
594,05/30/2021 19:24:56,23.23,48.00,11.63,
595,05/30/2021 19:54:56,23.31,47.81,11.65,
596,05/30/2021 20:24:56,23.34,47.77,11.65,
597,05/30/2021 20:54:56,23.38,47.67,11.66,
598,05/30/2021 21:24:56,23.38,47.61,11.64,
599,05/30/2021 21:54:56,23.41,47.42,11.61,
600,05/30/2021 22:24:56,23.47,47.16,11.59,
601,05/30/2021 22:54:56,23.51,47.01,11.57,
602,05/30/2021 23:24:56,23.45,46.86,11.47,
603,05/30/2021 23:54:56,23.51,46.66,11.45,
604,05/31/2021 00:24:56,23.53,46.50,11.42,
605,05/31/2021 00:54:56,23.45,46.50,11.35,
606,05/31/2021 01:24:56,23.46,46.59,11.39,
607,05/31/2021 01:54:56,23.51,46.70,11.47,
608,05/31/2021 02:24:56,23.43,46.86,11.45,
609,05/31/2021 02:54:56,23.43,46.93,11.47,
610,05/31/2021 03:24:56,23.45,46.93,11.49,
611,05/31/2021 03:54:56,23.40,46.94,11.44,
612,05/31/2021 04:24:56,23.35,46.98,11.41,
613,05/31/2021 04:54:56,23.31,46.69,11.29,
614,05/31/2021 05:24:56,23.29,46.54,11.22,
615,05/31/2021 05:54:56,23.23,46.47,11.14,
616,05/31/2021 06:24:56,23.23,46.51,11.15,
617,05/31/2021 06:54:56,23.21,46.50,11.13,
618,05/31/2021 07:24:56,23.12,46.52,11.06,
619,05/31/2021 07:54:56,23.10,46.87,11.15,
620,05/31/2021 08:24:56,23.11,47.34,11.31,
621,05/31/2021 08:54:56,23.05,47.93,11.44,
622,05/31/2021 09:24:56,23.05,48.34,11.57,
623,05/31/2021 09:54:56,23.07,48.60,11.67,
624,05/31/2021 10:24:56,23.10,48.98,11.82,
625,05/31/2021 10:54:56,23.09,49.29,11.90,
626,05/31/2021 11:24:56,23.08,49.89,12.08,
627,05/31/2021 11:54:56,23.05,50.13,12.12,
628,05/31/2021 12:24:56,23.06,50.00,12.09,
629,05/31/2021 12:54:56,23.07,50.03,12.11,
630,05/31/2021 13:24:56,23.00,50.26,12.12,
631,05/31/2021 13:54:56,23.02,50.56,12.23,
632,05/31/2021 14:24:56,23.09,50.69,12.33,
633,05/31/2021 14:54:56,23.05,50.63,12.27,
634,05/31/2021 15:24:56,23.13,50.56,12.33,
635,05/31/2021 15:54:56,23.13,50.60,12.34,
636,05/31/2021 16:24:56,23.13,50.59,12.34,
637,05/31/2021 16:54:56,23.20,50.46,12.36,
638,05/31/2021 17:24:56,23.26,50.42,12.40,
639,05/31/2021 17:54:56,23.27,50.42,12.41,
640,05/31/2021 18:24:56,23.34,50.38,12.46,
641,05/31/2021 18:54:56,23.37,50.21,12.44,
642,05/31/2021 19:24:56,23.42,50.08,12.45,
643,05/31/2021 19:54:56,23.47,49.76,12.40,
644,05/31/2021 20:24:56,23.49,49.55,12.35,
645,05/31/2021 20:54:56,23.51,49.39,12.32,
646,05/31/2021 21:24:56,23.51,49.10,12.22,
647,05/31/2021 21:54:56,23.35,49.37,12.16,
648,05/31/2021 22:24:56,23.29,49.46,12.14,
649,05/31/2021 22:54:56,23.36,49.23,12.13,
650,05/31/2021 23:24:56,23.40,49.36,12.21,
651,05/31/2021 23:54:56,23.32,49.62,12.22,
652,06/01/2021 00:24:56,23.38,49.65,12.28,
653,06/01/2021 00:54:56,23.40,49.58,12.27,
654,06/01/2021 01:24:56,23.43,49.51,12.28,
655,06/01/2021 01:54:56,23.50,49.24,12.26,
656,06/01/2021 02:24:56,23.49,49.03,12.18,
657,06/01/2021 02:54:56,23.38,49.13,12.12,
658,06/01/2021 03:24:56,23.39,48.77,12.01,
659,06/01/2021 03:54:56,23.43,48.51,11.97,
660,06/01/2021 04:24:56,23.42,49.01,12.12,
661,06/01/2021 04:54:56,23.50,49.41,12.31,
662,06/01/2021 05:24:56,23.52,49.54,12.37,
663,06/01/2021 05:54:56,23.52,49.84,12.46,
664,06/01/2021 06:24:56,23.50,50.07,12.51,
665,06/01/2021 06:54:56,23.49,50.16,12.53,
666,06/01/2021 07:24:56,23.47,50.31,12.57,
667,06/01/2021 07:54:56,23.41,50.46,12.55,
668,06/01/2021 08:24:56,23.42,50.39,12.54,
669,06/01/2021 08:54:56,23.41,50.39,12.53,
670,06/01/2021 09:24:56,23.34,50.67,12.55,
671,06/01/2021 09:54:56,23.39,50.50,12.55,
672,06/01/2021 10:24:56,23.38,50.56,12.55,
673,06/01/2021 10:54:56,23.36,50.74,12.59,
674,06/01/2021 11:24:56,23.37,50.87,12.64,
675,06/01/2021 11:54:56,23.41,50.83,12.66,
676,06/01/2021 12:24:56,23.35,51.10,12.69,
677,06/01/2021 12:54:56,23.38,51.22,12.75,
678,06/01/2021 13:24:56,23.44,51.00,12.75,
679,06/01/2021 13:54:56,23.46,50.93,12.75,
680,06/01/2021 14:24:56,23.49,50.72,12.70,
681,06/01/2021 14:54:56,23.56,50.79,12.79,
682,06/01/2021 15:24:56,23.61,50.70,12.81,
683,06/01/2021 15:54:56,23.69,50.78,12.91,
684,06/01/2021 16:24:56,23.77,51.00,13.05,
685,06/01/2021 16:54:56,23.85,50.76,13.05,
686,06/01/2021 17:24:56,23.82,50.38,12.90,
687,06/01/2021 17:54:56,23.86,49.98,12.82,
688,06/01/2021 18:24:56,23.88,49.69,12.75,
689,06/01/2021 18:54:56,23.84,49.67,12.71,
690,06/01/2021 19:24:56,23.91,49.44,12.70,
691,06/01/2021 19:54:56,23.92,49.35,12.69,
692,06/01/2021 20:24:56,23.89,49.40,12.67,
693,06/01/2021 20:54:56,23.96,49.01,12.61,
694,06/01/2021 21:24:56,24.00,48.78,12.58,
695,06/01/2021 21:54:56,23.99,48.71,12.55,
696,06/01/2021 22:24:56,24.04,48.68,12.59,
697,06/01/2021 22:54:56,24.13,48.49,12.60,
698,06/01/2021 23:24:56,24.18,48.34,12.61,
699,06/01/2021 23:54:56,24.13,48.36,12.56,
700,06/02/2021 00:24:56,24.15,48.24,12.54,
701,06/02/2021 00:54:56,24.17,48.29,12.58,
702,06/02/2021 01:24:56,24.15,48.39,12.59,
703,06/02/2021 01:54:56,24.19,48.37,12.62,
704,06/02/2021 02:24:56,24.19,48.53,12.68,
705,06/02/2021 02:54:56,24.13,48.74,12.68,
706,06/02/2021 03:24:56,24.20,48.91,12.81,
707,06/02/2021 03:54:56,24.18,48.97,12.81,
708,06/02/2021 04:24:56,24.16,49.21,12.86,
709,06/02/2021 04:54:56,24.17,49.37,12.92,
710,06/02/2021 05:24:56,24.13,49.49,12.92,
711,06/02/2021 05:54:56,24.14,49.56,12.95,
712,06/02/2021 06:24:56,24.12,49.77,12.99,
713,06/02/2021 06:54:56,24.11,49.83,13.00,
714,06/02/2021 07:24:56,24.08,49.94,13.01,
715,06/02/2021 07:54:56,24.04,50.09,13.02,
716,06/02/2021 08:24:56,24.01,50.03,12.98,
717,06/02/2021 08:54:56,23.98,50.05,12.95,
718,06/02/2021 09:24:56,23.88,49.66,12.74,
719,06/02/2021 09:54:56,23.89,49.47,12.70,
720,06/02/2021 10:24:56,23.86,49.57,12.69,
721,06/02/2021 10:54:56,23.85,49.45,12.65,
722,06/02/2021 11:24:56,23.85,49.66,12.72,
723,06/02/2021 11:54:56,23.83,49.83,12.75,
724,06/02/2021 12:24:56,23.87,49.76,12.76,
725,06/02/2021 12:54:56,23.90,49.71,12.78,
726,06/02/2021 13:24:56,23.83,49.81,12.74,
727,06/02/2021 13:54:56,23.92,49.67,12.79,
728,06/02/2021 14:24:56,23.96,49.64,12.81,
729,06/02/2021 14:54:56,23.92,49.77,12.82,
730,06/02/2021 15:24:56,23.94,49.65,12.79,
731,06/02/2021 15:54:56,24.00,49.59,12.83,
732,06/02/2021 16:24:56,24.00,49.59,12.83,
733,06/02/2021 16:54:56,24.04,49.29,12.78,
734,06/02/2021 17:24:56,24.11,49.07,12.77,
735,06/02/2021 17:54:56,24.08,49.01,12.72,
736,06/02/2021 18:24:56,24.16,48.76,12.72,
737,06/02/2021 18:54:56,24.19,48.69,12.73,
738,06/02/2021 19:24:56,24.25,48.19,12.62,
739,06/02/2021 19:54:56,24.28,47.76,12.51,
740,06/02/2021 20:24:56,24.29,47.62,12.48,
741,06/02/2021 20:54:56,24.31,47.62,12.50,
742,06/02/2021 21:24:56,24.31,47.67,12.51,
743,06/02/2021 21:54:56,24.34,47.63,12.53,
744,06/02/2021 22:24:56,24.35,47.63,12.54,
745,06/02/2021 22:54:56,24.35,47.61,12.53,
746,06/02/2021 23:24:56,24.40,47.23,12.45,
747,06/02/2021 23:54:56,24.44,47.41,12.55,
748,06/03/2021 00:24:56,24.41,47.42,12.52,
749,06/03/2021 00:54:56,24.49,47.35,12.58,
750,06/03/2021 01:24:56,24.48,47.27,12.54,
751,06/03/2021 01:54:56,24.43,47.60,12.60,
752,06/03/2021 02:24:56,24.46,47.59,12.62,
753,06/03/2021 02:54:56,24.46,47.74,12.67,
754,06/03/2021 03:24:56,24.42,48.01,12.72,
755,06/03/2021 03:54:56,24.42,47.99,12.71,
756,06/03/2021 04:24:56,24.42,48.14,12.76,
757,06/03/2021 04:54:56,24.35,48.39,12.78,
758,06/03/2021 05:24:56,24.31,48.44,12.76,
759,06/03/2021 05:54:56,24.33,48.58,12.82,
760,06/03/2021 06:24:56,24.30,48.78,12.85,
761,06/03/2021 06:54:56,24.32,48.69,12.85,
762,06/03/2021 07:24:56,24.36,48.23,12.74,
763,06/03/2021 07:54:56,24.31,48.13,12.66,
764,06/03/2021 08:24:56,24.33,47.94,12.62,
765,06/03/2021 08:54:56,24.29,47.78,12.53,
766,06/03/2021 09:24:56,24.38,47.69,12.58,
767,06/03/2021 09:54:56,24.36,47.53,12.52,
768,06/03/2021 10:24:56,24.33,47.54,12.49,
769,06/03/2021 10:54:56,24.33,47.59,12.51,
770,06/03/2021 11:24:56,24.27,47.80,12.51,
771,06/03/2021 11:54:56,24.29,47.82,12.54,
772,06/03/2021 12:24:56,24.31,47.83,12.56,
773,06/03/2021 12:54:56,24.21,48.05,12.54,
774,06/03/2021 13:24:56,24.23,48.05,12.55,
775,06/03/2021 13:54:56,24.20,48.13,12.56,
776,06/03/2021 14:24:56,24.21,48.22,12.60,
777,06/03/2021 14:54:56,24.25,48.16,12.61,
778,06/03/2021 15:24:56,24.27,48.22,12.65,
779,06/03/2021 15:54:56,24.29,48.31,12.69,
780,06/03/2021 16:24:56,24.28,48.25,12.67,
781,06/03/2021 16:54:56,24.38,47.92,12.65,
782,06/03/2021 17:24:56,24.38,47.79,12.61,
783,06/03/2021 17:54:56,24.40,47.78,12.63,
784,06/03/2021 18:24:56,24.49,47.51,12.63,
785,06/03/2021 18:54:56,24.55,47.51,12.68,
786,06/03/2021 19:24:56,24.56,47.41,12.65,
787,06/03/2021 19:54:56,24.60,47.11,12.59,
788,06/03/2021 20:24:56,24.66,46.74,12.53,
789,06/03/2021 20:54:56,24.69,46.59,12.50,
790,06/03/2021 21:24:56,24.73,46.52,12.52,
791,06/03/2021 21:54:56,24.75,46.56,12.55,
792,06/03/2021 22:24:56,24.76,46.60,12.58,
793,06/03/2021 22:54:56,24.84,46.56,12.63,
794,06/03/2021 23:24:56,24.83,46.53,12.61,
795,06/03/2021 23:54:56,24.85,46.45,12.61,
796,06/04/2021 00:24:56,24.90,46.51,12.67,
797,06/04/2021 00:54:56,24.86,46.61,12.67,
798,06/04/2021 01:24:56,24.87,46.49,12.64,
799,06/04/2021 01:54:56,24.86,46.54,12.65,
800,06/04/2021 02:24:56,24.84,46.63,12.65,
801,06/04/2021 02:54:56,24.86,46.63,12.67,
802,06/04/2021 03:24:56,24.82,46.59,12.62,
803,06/04/2021 03:54:56,24.80,46.65,12.63,
804,06/04/2021 04:24:56,24.80,46.48,12.58,
805,06/04/2021 04:54:56,24.74,46.60,12.56,
806,06/04/2021 05:24:56,24.74,46.71,12.59,
807,06/04/2021 05:54:56,24.75,46.80,12.63,
808,06/04/2021 06:24:56,24.75,46.95,12.68,
809,06/04/2021 06:54:56,24.75,46.81,12.63,
810,06/04/2021 07:24:56,24.77,46.73,12.63,
811,06/04/2021 07:54:56,24.71,46.80,12.59,
812,06/04/2021 08:24:56,24.66,46.80,12.55,
813,06/04/2021 08:54:56,24.70,46.75,12.57,
814,06/04/2021 09:24:56,24.68,46.92,12.60,
815,06/04/2021 09:54:56,24.65,46.86,12.56,
816,06/04/2021 10:24:56,24.63,47.02,12.60,
817,06/04/2021 10:54:56,24.60,47.20,12.63,
818,06/04/2021 11:24:56,24.70,48.69,13.19,
819,06/04/2021 11:54:56,24.76,49.41,13.47,
820,06/04/2021 12:24:56,24.85,49.40,13.55,
821,06/04/2021 12:54:56,24.98,50.01,13.85,
822,06/04/2021 13:24:56,24.85,49.97,13.72,
823,06/04/2021 13:54:56,24.82,49.79,13.64,
824,06/04/2021 14:24:56,24.74,49.53,13.49,
825,06/04/2021 14:54:56,24.70,49.24,13.36,
826,06/04/2021 15:24:56,24.71,49.06,13.31,
827,06/04/2021 15:54:56,24.73,48.86,13.27,
828,06/04/2021 16:24:56,24.75,48.60,13.21,
829,06/04/2021 16:54:56,24.79,48.46,13.20,
830,06/04/2021 17:24:56,24.83,48.21,13.16,
831,06/04/2021 17:54:56,24.85,47.99,13.10,
832,06/04/2021 18:24:56,24.93,47.74,13.10,
833,06/04/2021 18:54:56,24.98,47.40,13.03,
834,06/04/2021 19:24:56,24.99,47.25,12.99,
835,06/04/2021 19:54:56,25.03,47.09,12.98,
836,06/04/2021 20:24:56,25.09,46.88,12.97,
837,06/04/2021 20:54:56,25.14,46.52,12.89,
838,06/04/2021 21:24:56,25.03,45.48,12.45,
839,06/04/2021 21:54:56,24.84,44.72,12.02,
840,06/04/2021 22:24:56,24.57,45.85,12.15,
841,06/04/2021 22:54:56,24.73,48.15,13.05,
842,06/04/2021 23:24:56,24.86,47.61,12.99,
843,06/04/2021 23:54:56,24.93,47.14,12.91,
844,06/05/2021 00:24:56,24.97,46.85,12.84,
845,06/05/2021 00:54:56,25.00,46.69,12.82,
846,06/05/2021 01:24:56,25.03,46.58,12.81,
847,06/05/2021 01:54:56,25.03,46.51,12.79,
848,06/05/2021 02:24:56,25.08,46.48,12.83,
849,06/05/2021 02:54:56,25.07,46.41,12.80,
850,06/05/2021 03:24:56,25.08,46.43,12.81,
851,06/05/2021 03:54:56,25.02,46.38,12.74,
852,06/05/2021 04:24:56,25.04,46.42,12.77,
853,06/05/2021 04:54:56,25.04,46.37,12.76,
854,06/05/2021 05:24:56,25.01,46.37,12.73,
855,06/05/2021 05:54:56,24.98,46.36,12.69,
856,06/05/2021 06:24:56,24.94,46.32,12.65,
857,06/05/2021 06:54:56,24.94,46.30,12.64,
858,06/05/2021 07:24:56,24.91,46.29,12.61,
859,06/05/2021 07:54:56,24.90,46.32,12.61,
860,06/05/2021 08:24:56,24.85,46.38,12.58,
861,06/05/2021 08:54:56,24.85,46.44,12.60,
862,06/05/2021 09:24:56,24.78,46.93,12.70,
863,06/05/2021 09:54:56,24.60,47.50,12.72,
864,06/05/2021 10:24:56,24.62,48.12,12.94,
865,06/05/2021 10:54:56,24.59,50.83,13.75,
866,06/05/2021 11:24:56,24.62,54.78,14.94,
867,06/05/2021 11:54:56,24.68,53.58,14.65,
868,06/05/2021 12:24:56,24.59,50.40,13.62,
869,06/05/2021 12:54:56,24.57,49.14,13.21,
870,06/05/2021 13:24:56,24.32,47.49,12.47,
871,06/05/2021 13:54:56,24.10,46.35,11.89,
872,06/05/2021 14:24:56,23.92,47.29,12.04,
873,06/05/2021 14:54:56,24.05,53.58,14.07,
874,06/05/2021 15:24:56,24.15,53.19,14.05,
875,06/05/2021 15:54:56,24.25,52.42,13.91,
876,06/05/2021 16:24:56,24.32,51.79,13.79,
877,06/05/2021 16:54:56,24.42,51.67,13.85,
878,06/05/2021 17:24:56,24.48,51.34,13.81,
879,06/05/2021 17:54:56,24.58,50.17,13.54,
880,06/05/2021 18:24:56,24.63,49.23,13.30,
881,06/05/2021 18:54:56,24.68,48.87,13.23,
882,06/05/2021 19:24:56,24.76,48.59,13.21,
883,06/05/2021 19:54:56,24.79,48.36,13.17,
884,06/05/2021 20:24:56,24.87,48.01,13.13,
885,06/05/2021 20:54:56,24.90,47.63,13.04,
886,06/05/2021 21:24:56,24.93,47.36,12.98,
887,06/05/2021 21:54:56,24.95,47.08,12.91,
888,06/05/2021 22:24:56,25.02,46.44,12.76,
889,06/05/2021 22:54:56,25.06,46.16,12.70,
890,06/05/2021 23:24:56,24.80,45.18,12.15,
891,06/05/2021 23:54:56,24.63,44.64,11.81,
892,06/06/2021 00:24:56,24.38,44.58,11.55,
893,06/06/2021 00:54:56,24.50,49.24,13.18,
894,06/06/2021 01:24:56,24.65,48.10,12.96,
895,06/06/2021 01:54:56,24.72,47.62,12.87,
896,06/06/2021 02:24:56,24.77,47.29,12.81,
897,06/06/2021 02:54:56,24.78,47.07,12.75,
898,06/06/2021 03:24:56,24.82,46.86,12.71,
899,06/06/2021 03:54:56,24.82,46.85,12.71,
900,06/06/2021 04:24:56,24.83,46.76,12.69,
901,06/06/2021 04:54:56,24.83,46.61,12.64,
902,06/06/2021 05:24:56,24.85,46.47,12.61,
903,06/06/2021 05:54:56,24.83,46.40,12.57,
904,06/06/2021 06:24:56,24.82,46.41,12.56,
905,06/06/2021 06:54:56,24.83,46.38,12.56,
906,06/06/2021 07:24:56,24.80,46.41,12.55,
907,06/06/2021 07:54:56,24.77,46.40,12.52,
908,06/06/2021 08:24:56,24.74,46.43,12.50,
909,06/06/2021 08:54:56,24.74,46.51,12.53,
910,06/06/2021 09:24:56,24.71,46.61,12.53,
911,06/06/2021 09:54:56,24.68,46.30,12.40,
912,06/06/2021 10:24:56,24.42,46.94,12.38,
913,06/06/2021 10:54:56,24.30,47.74,12.53,
914,06/06/2021 11:24:56,24.29,47.57,12.46,
915,06/06/2021 11:54:56,24.33,48.28,12.73,
916,06/06/2021 12:24:56,24.41,47.94,12.69,
917,06/06/2021 12:54:56,24.44,48.30,12.83,
918,06/06/2021 13:24:56,24.44,46.52,12.26,
919,06/06/2021 13:54:56,24.19,45.08,11.56,
920,06/06/2021 14:24:56,23.96,47.66,12.19,
921,06/06/2021 14:54:56,24.16,49.31,12.89,
922,06/06/2021 15:24:56,24.19,48.53,12.68,
923,06/06/2021 15:54:56,24.23,47.85,12.49,
924,06/06/2021 16:24:56,24.25,47.24,12.31,
925,06/06/2021 16:54:56,24.29,47.00,12.28,
926,06/06/2021 17:24:56,24.35,46.60,12.21,
927,06/06/2021 17:54:56,24.42,46.33,12.18,
928,06/06/2021 18:24:56,24.46,46.04,12.12,
929,06/06/2021 18:54:56,24.51,45.74,12.07,
930,06/06/2021 19:24:56,24.54,45.33,11.95,
931,06/06/2021 19:54:56,24.57,45.28,11.96,
932,06/06/2021 20:24:56,24.62,44.92,11.89,
933,06/06/2021 20:54:56,24.63,44.80,11.86,
934,06/06/2021 21:24:56,24.69,44.71,11.88,
935,06/06/2021 21:54:56,24.68,44.67,11.85,
936,06/06/2021 22:24:56,24.74,44.63,11.90,
937,06/06/2021 22:54:56,24.73,44.65,11.90,
938,06/06/2021 23:24:56,24.71,44.63,11.87,
939,06/06/2021 23:54:56,24.72,44.64,11.88,
940,06/07/2021 00:24:56,24.70,44.56,11.84,
941,06/07/2021 00:54:56,24.74,44.51,11.86,
942,06/07/2021 01:24:56,24.73,44.52,11.85,
943,06/07/2021 01:54:56,24.72,44.57,11.86,
944,06/07/2021 02:24:56,24.73,44.57,11.87,
945,06/07/2021 02:54:56,24.70,44.53,11.83,
946,06/07/2021 03:24:56,24.69,44.59,11.84,
947,06/07/2021 03:54:56,24.61,44.61,11.78,
948,06/07/2021 04:24:56,24.64,44.60,11.80,
949,06/07/2021 04:54:56,24.58,44.66,11.76,
950,06/07/2021 05:24:56,24.58,44.66,11.76,
951,06/07/2021 05:54:56,24.59,44.70,11.79,
952,06/07/2021 06:24:56,24.54,44.70,11.74,
953,06/07/2021 06:54:56,24.57,44.72,11.78,
954,06/07/2021 07:24:56,24.54,44.74,11.75,
955,06/07/2021 07:54:56,24.49,44.85,11.75,
956,06/07/2021 08:24:56,24.47,44.90,11.75,
957,06/07/2021 08:54:56,24.48,44.96,11.78,
958,06/07/2021 09:24:56,24.47,44.96,11.77,
959,06/07/2021 09:54:56,24.42,45.13,11.78,
960,06/07/2021 10:24:56,24.43,45.02,11.75,
961,06/07/2021 10:54:56,24.43,44.97,11.73,
962,06/07/2021 11:24:56,24.39,45.10,11.74,
963,06/07/2021 11:54:56,24.40,45.14,11.76,
964,06/07/2021 12:24:56,24.38,45.07,11.72,
965,06/07/2021 12:54:56,24.36,45.12,11.72,
966,06/07/2021 13:24:56,24.32,45.20,11.71,
967,06/07/2021 13:54:56,24.31,45.19,11.70,
968,06/07/2021 14:24:56,24.29,45.21,11.69,
969,06/07/2021 14:54:56,24.30,45.33,11.74,
970,06/07/2021 15:24:56,24.29,45.39,11.75,
971,06/07/2021 15:54:56,24.29,45.32,11.72,
972,06/07/2021 16:24:56,24.29,45.13,11.66,
973,06/07/2021 16:54:56,24.32,44.79,11.57,
974,06/07/2021 17:24:56,24.32,44.50,11.48,
975,06/07/2021 17:54:56,24.34,44.33,11.44,
976,06/07/2021 18:24:56,24.39,43.94,11.34,
977,06/07/2021 18:54:56,24.41,43.77,11.30,
978,06/07/2021 19:24:56,24.43,43.82,11.34,
979,06/07/2021 19:54:56,24.48,43.66,11.33,
980,06/07/2021 20:24:56,24.50,43.55,11.32,
981,06/07/2021 20:54:56,24.55,43.28,11.26,
982,06/07/2021 21:24:56,24.59,43.23,11.28,
983,06/07/2021 21:54:56,24.55,43.23,11.24,
984,06/07/2021 22:24:56,24.56,43.24,11.26,
985,06/07/2021 22:54:56,24.57,43.22,11.26,
986,06/07/2021 23:24:56,24.58,43.19,11.26,
987,06/07/2021 23:54:56,24.59,43.28,11.30,
988,06/08/2021 00:24:56,24.56,43.31,11.28,
989,06/08/2021 00:54:56,24.58,43.23,11.27,
990,06/08/2021 01:24:56,24.57,43.20,11.25,
991,06/08/2021 01:54:56,24.55,43.21,11.24,
992,06/08/2021 02:24:56,24.50,43.10,11.16,
993,06/08/2021 02:54:56,24.50,43.05,11.14,
994,06/08/2021 03:24:56,24.50,42.86,11.07,
995,06/08/2021 03:54:56,24.46,42.60,10.94,
996,06/08/2021 04:24:56,24.47,42.51,10.92,
997,06/08/2021 04:54:56,24.44,42.38,10.85,
998,06/08/2021 05:24:56,24.38,42.18,10.72,
999,06/08/2021 05:54:56,24.38,41.73,10.56,
1000,06/08/2021 06:24:56,24.40,41.99,10.67,
1001,06/08/2021 06:54:56,24.32,41.90,10.57,
1002,06/08/2021 07:24:56,24.32,41.77,10.52,
1003,06/08/2021 07:54:56,24.30,41.31,10.34,
1004,06/08/2021 08:24:56,24.24,41.22,10.25,
1005,06/08/2021 08:54:56,24.21,41.32,10.26,
1006,06/08/2021 09:24:56,24.23,41.51,10.34,
1007,06/08/2021 09:54:56,24.25,40.06,9.83,
1008,06/08/2021 10:24:56,24.20,38.89,9.35,
1009,06/08/2021 10:54:56,24.23,38.93,9.38,
1010,06/08/2021 11:24:56,24.20,39.46,9.56,
1011,06/08/2021 11:54:56,24.18,40.53,9.95,
1012,06/08/2021 12:24:56,24.23,41.11,10.20,
1013,06/08/2021 12:54:56,24.24,40.82,10.10,
1014,06/08/2021 13:24:56,24.21,40.61,10.01,
1015,06/08/2021 13:54:56,24.10,40.26,9.77,
1016,06/08/2021 14:24:56,24.05,40.90,9.97,
1017,06/08/2021 14:54:56,23.97,41.18,9.99,
1018,06/08/2021 15:24:56,24.02,41.36,10.10,
1019,06/08/2021 15:54:56,24.05,41.41,10.15,
1020,06/08/2021 16:24:56,24.08,41.64,10.25,
1021,06/08/2021 16:54:56,24.11,41.63,10.28,
1022,06/08/2021 17:24:56,24.17,41.69,10.36,
1023,06/08/2021 17:54:56,24.20,41.56,10.34,
1024,06/08/2021 18:24:56,24.23,41.26,10.25,
1025,06/08/2021 18:54:56,24.27,41.28,10.30,
1026,06/08/2021 19:24:56,24.31,41.16,10.29,
1027,06/08/2021 19:54:56,24.32,41.21,10.32,
1028,06/08/2021 20:24:56,24.38,41.36,10.42,
1029,06/08/2021 20:54:56,24.42,41.52,10.52,
1030,06/08/2021 21:24:56,24.43,41.57,10.55,
1031,06/08/2021 21:54:56,24.46,41.77,10.65,
1032,06/08/2021 22:24:56,24.47,41.84,10.68,
1033,06/08/2021 22:54:56,24.46,41.99,10.73,
1034,06/08/2021 23:24:56,24.47,42.05,10.76,
1035,06/08/2021 23:54:56,24.51,42.06,10.80,
1036,06/09/2021 00:24:56,24.47,42.20,10.81,
1037,06/09/2021 00:54:56,24.50,42.16,10.83,
1038,06/09/2021 01:24:56,24.49,42.23,10.84,
1039,06/09/2021 01:54:56,24.46,42.12,10.77,
1040,06/09/2021 02:24:56,24.46,42.18,10.80,
1041,06/09/2021 02:54:56,24.44,42.39,10.85,
1042,06/09/2021 03:24:56,24.40,42.40,10.81,
1043,06/09/2021 03:54:56,24.40,42.41,10.82,
1044,06/09/2021 04:24:56,24.32,42.22,10.68,
1045,06/09/2021 04:54:56,24.33,42.22,10.69,
1046,06/09/2021 05:24:56,24.29,42.19,10.64,
1047,06/09/2021 05:54:56,24.26,42.73,10.81,
1048,06/09/2021 06:24:56,24.23,42.88,10.83,
1049,06/09/2021 06:54:56,24.17,42.77,10.74,
1050,06/09/2021 07:24:56,24.14,42.66,10.68,
1051,06/09/2021 07:54:56,24.13,42.99,10.78,
1052,06/09/2021 08:24:56,24.08,43.33,10.85,
1053,06/09/2021 08:54:56,24.06,43.41,10.87,Logged
